subject,stim,cluster_id,label,n_spikes,duration_s,firing_rate_hz,pct_isi_lt_3ms,cv2,peak_channel,n_waveform_spikes,snr_peak,snr_mean,passes_isi_qc
sub-20171120-NTS-1,stim1,0,mua,455,978.63262208,0.46493442966670817,18.722466960352424,1.1539193884771872,30,300,38.55087668495211,,
sub-20171120-NTS-1,stim1,4,mua,3544,978.63262208,3.621379381843547,7.140841095117133,1.3432356779868027,1,300,12.531569985841475,,
sub-20171120-NTS-1,stim1,19,mua,4717,978.63262208,4.8199905598634345,8.121289228159458,1.2891881594684884,5,300,14.31423678928907,,
sub-20171120-NTS-1,stim1,26,mua,1668,978.63262208,1.7044189641408116,4.019196160767846,1.2911342072159375,7,300,7.68634244764618,,
sub-20171120-NTS-1,stim1,36,mua,3169,978.63262208,3.238191665085271,4.892676767676768,1.3172962048247465,9,300,11.855554751124863,,
sub-20171120-NTS-1,stim1,37,mua,1574,978.63262208,1.6083665764734036,6.357279084551812,1.089843179316808,8,300,4.131207336781695,,
sub-20171120-NTS-1,stim1,38,mua,618,978.63262208,0.6314933572176388,3.403565640194489,1.3032576630709316,8,300,20.702253813449552,,
sub-20171120-NTS-1,stim1,39,mua,1135,978.63262208,1.159781489388382,8.641975308641975,1.1887319149026603,8,300,4.5957367069460515,,
sub-20171120-NTS-1,stim1,43,mua,3143,978.63262208,3.2116239833900306,5.251432208784214,1.3151684785640985,11,300,13.768345499034641,,
sub-20171120-NTS-1,stim1,50,good,1660,978.63262208,1.6962442928499684,6.268836648583484,1.1300233686395065,10,300,3.5984830971448583,0.6053977539037702,0.0
sub-20171120-NTS-1,stim1,71,mua,7201,978.63262208,7.358225995670255,13.180555555555557,1.2239532093669216,17,300,4.044363509501877,,
sub-20171120-NTS-1,stim1,72,mua,15760,978.63262208,16.104102442961146,5.93311758360302,0.6101293611393726,16,300,3.7301983998844683,,
sub-20171120-NTS-1,stim1,73,mua,7058,978.63262208,7.212103746346432,11.733031033016863,1.0064885596919224,18,300,4.330436979919286,,
sub-20171120-NTS-1,stim1,76,mua,7031,978.63262208,7.184514230739836,9.203413940256047,1.2441449371610858,25,300,4.660404489376757,,
sub-20171120-NTS-1,stim1,77,mua,5855,978.63262208,5.982837550985883,9.976084728390845,1.1357071716722311,24,300,4.645697727653178,,
sub-20171120-NTS-1,stim1,78,mua,788,978.63262208,0.8052051221480573,5.336721728081321,1.3204523691704213,24,300,12.853725484350232,,
sub-20171120-NTS-1,stim1,79,good,258,978.63262208,0.2636331491296939,1.9455252918287937,1.610248084555221,25,258,9.871293093900212,2.184343195557092,1.0
sub-20171120-NTS-1,stim1,80,mua,37,978.63262208,0.0378078547201499,2.7777777777777777,1.0065111627002865,24,37,13.940259857031187,,
sub-20171120-NTS-1,stim1,81,mua,4199,978.63262208,4.290680593781335,2.644116245831348,1.0449491103526471,24,300,9.571975389266782,,
sub-20171120-NTS-1,stim1,82,mua,1435,978.63262208,1.4663316627950027,9.274755927475594,1.4328273990559282,24,300,10.130090296725083,,
sub-20171120-NTS-1,stim1,83,good,580,978.63262208,0.5926636685861335,32.29706390328152,1.5785765167630628,25,300,6.539726181725447,1.0321421149437426,0.0
sub-20171120-NTS-1,stim1,84,mua,568,978.63262208,0.5804016616498687,3.1746031746031744,1.2330014403623502,25,300,4.137476424550113,,
sub-20171120-NTS-1,stim1,85,mua,1692,978.63262208,1.7289429780133412,15.020697811945594,1.3619254638409484,24,300,8.755531022833107,,
sub-20171120-NTS-1,stim1,87,mua,35620,978.63262208,36.39772392247944,5.3566916533310875,0.7392519066414392,24,300,5.364738476442183,,
sub-20171120-NTS-1,stim1,88,mua,3153,978.63262208,3.2218423225035844,6.535532994923858,1.1459594243524756,27,300,5.0819547317072,,
sub-20171120-NTS-1,stim1,90,good,3484,978.63262208,3.560069347162223,6.919322423198391,1.1508931426850049,26,300,4.942260952319857,0.7268039210988919,0.0
sub-20171120-NTS-1,stim1,91,mua,12056,978.63262208,12.319229635300735,10.261302364164248,1.0479213933088827,26,300,3.9965954786899456,,
sub-20171120-NTS-1,stim1,92,mua,3238,978.63262208,3.3086982049687936,25.826382452888474,1.2817002254994023,5,300,5.004605648416722,,
sub-20171120-NTS-1,stim10,11,mua,3150,189.0195456,16.66494324701202,5.7161003493172435,0.8392268852312565,16,300,5.066669899578077,,
sub-20171120-NTS-1,stim10,12,mua,973,189.0195456,5.147615802965935,14.814814814814813,1.3194830292411988,17,300,4.5815292433962425,,
sub-20171120-NTS-1,stim10,13,mua,842,189.0195456,4.4545657822171805,23.18668252080856,1.304534353767493,16,300,9.126246068780409,,
sub-20171120-NTS-1,stim10,14,mua,1306,189.0195456,6.909338374792919,35.86206896551724,1.3236388463047835,17,300,6.705619691605437,,
sub-20171120-NTS-1,stim10,15,good,386,189.0195456,2.042116855030679,39.22077922077922,1.3156497371359157,18,300,13.64268582899293,1.838456410693623,0.0
sub-20171120-NTS-1,stim10,16,mua,889,189.0195456,4.7032173163789475,17.68018018018018,1.306851314768686,18,300,3.8842983663777453,,
sub-20171120-NTS-1,stim10,17,mua,1560,189.0195456,8.25311475090119,25.01603592046183,1.2711786255994715,18,300,6.196422546518514,,
sub-20171120-NTS-1,stim10,18,good,429,189.0195456,2.2696065564978274,15.42056074766355,1.4503347969281277,18,300,8.672196123956928,1.1467223258759949,0.0
sub-20171120-NTS-1,stim10,19,mua,654,189.0195456,3.4599596455701143,6.891271056661561,1.3274482508683674,19,300,4.431110863479022,,
sub-20171120-NTS-1,stim10,20,good,410,189.0195456,2.1690878511983898,0.4889975550122249,1.2394636728147634,19,300,10.092653297543714,1.8888021441620015,1.0
sub-20171120-NTS-1,stim10,21,mua,986,189.0195456,5.216391759223445,18.3756345177665,1.018455808187159,18,300,10.087796216266819,,
sub-20171120-NTS-1,stim10,22,mua,1151,189.0195456,6.089317357876455,4.173913043478262,0.9318797783758791,20,300,3.166804621646835,,
sub-20171120-NTS-1,stim10,24,mua,487,189.0195456,2.5764531305697944,11.11111111111111,1.3652147029571324,24,300,3.9782394008614794,,
sub-20171120-NTS-1,stim10,25,mua,631,189.0195456,3.3382791075760583,13.492063492063492,1.368437693593504,24,300,12.095413787182272,,
sub-20171120-NTS-1,stim10,26,mua,1498,189.0195456,7.925106344134604,24.181696726786907,1.3849835880937782,25,300,6.788910845316213,,
sub-20171120-NTS-1,stim10,27,mua,190,189.0195456,1.0051870529943756,5.291005291005291,1.2532728557300907,24,190,12.730932035267186,,
sub-20171120-NTS-1,stim10,28,mua,675,189.0195456,3.571059267216861,14.243323442136498,1.2365898661178438,24,300,8.151709195138444,,
sub-20171120-NTS-1,stim10,29,mua,295,189.0195456,1.5606851612281096,6.122448979591836,1.4639964832221464,25,295,14.922017307133919,,
sub-20171120-NTS-1,stim10,30,good,483,189.0195456,2.555291297875176,2.904564315352697,1.0866843062727487,24,300,9.778909727574458,1.7062393261383548,1.0
sub-20171120-NTS-1,stim10,31,mua,2940,189.0195456,15.55394703054455,23.341272541680844,1.1253314802370473,25,300,3.277067697386001,,
sub-20171120-NTS-1,stim10,33,mua,102,189.0195456,0.5396267337127701,17.82178217821782,1.4059360653127886,26,102,25.627563531691028,,
sub-20171120-NTS-1,stim10,34,mua,1307,189.0195456,6.9146288329665735,21.669218989280246,1.24277524926393,27,300,7.234362349826426,,
sub-20171120-NTS-1,stim10,36,mua,297,189.0195456,1.5712660775754188,11.14864864864865,1.2635301351599029,27,297,5.861896153231576,,
sub-20171120-NTS-1,stim10,37,mua,182,189.0195456,0.9628633876051388,26.519337016574585,1.5060483322917195,26,182,16.241570746076516,,
sub-20171120-NTS-1,stim10,38,mua,660,189.0195456,3.491702394612042,14.41578148710167,1.1623749233112994,26,300,5.9643940756189275,,
sub-20171120-NTS-1,stim10,39,mua,654,189.0195456,3.4599596455701143,6.278713629402756,0.5455016915910461,27,300,18.05400011144743,,
sub-20171120-NTS-1,stim10,40,mua,2584,189.0195456,13.67054392072351,1.084010840108401,0.588233102669599,28,300,4.373521179446974,,
sub-20171120-NTS-1,stim10,41,mua,2014,189.0195456,10.654982761740383,5.911574764033781,0.9606688901792593,29,300,4.635702876323741,,
sub-20171120-NTS-1,stim10,42,mua,612,189.0195456,3.2377604022766207,8.51063829787234,1.2156296272433214,28,300,7.107833218039746,,
sub-20171120-NTS-1,stim10,43,mua,1637,189.0195456,8.660480030272595,7.151589242053789,0.9563763413635147,28,300,3.90078636571068,,
sub-20171120-NTS-1,stim10,44,mua,227,189.0195456,1.2009340054195963,25.663716814159294,1.2747372589357846,28,227,10.215189833413486,,
sub-20171120-NTS-1,stim10,45,mua,2064,189.0195456,10.919505670423113,4.604944255937955,0.9399883867880621,30,300,3.98938035513503,,
sub-20171120-NTS-1,stim10,46,good,220,189.0195456,1.163900798204014,0.0,1.4229839892162126,30,220,9.337602099817602,0.6194664290383542,1.0
sub-20171120-NTS-1,stim10,47,good,209,189.0195456,1.1057057582938132,10.096153846153847,0.8356628324130492,30,209,8.370698070896777,1.3318107719691066,0.0
sub-20171120-NTS-1,stim10,48,mua,1529,189.0195456,8.089110547517897,17.408376963350786,1.2774604597548138,30,300,5.6211706733071996,,
sub-20171120-NTS-1,stim11,26,mua,1862,871.9515648,2.1354397138183794,3.062869425040301,1.0245400542811811,8,300,3.5486267108171585,,
sub-20171120-NTS-1,stim11,27,mua,10348,871.9515648,11.867631664120617,8.3792403595245,0.9966373049907996,8,300,3.2128298066058054,,
sub-20171120-NTS-1,stim11,28,good,466,871.9515648,0.5344333548009478,9.032258064516128,1.3592911830088803,8,300,8.490250850705321,1.1961090862284576,0.0
sub-20171120-NTS-1,stim11,31,mua,1603,871.9515648,1.838404866407552,14.731585518102372,1.303237468146631,8,300,3.344733934844776,,
sub-20171120-NTS-1,stim11,37,mua,50,871.9515648,0.05734263463529482,2.0408163265306123,0.9865521549482077,8,50,9.13770983867633,,
sub-20171120-NTS-1,stim11,41,mua,819,871.9515648,0.9392723553261292,2.567237163814181,1.1432994371573588,10,300,3.442650529275398,,
sub-20171120-NTS-1,stim11,57,mua,877,871.9515648,1.0057898115030712,0.45662100456621,1.2309187370878831,17,300,13.162055724908972,,
sub-20171120-NTS-1,stim11,58,mua,4952,871.9515648,5.679214534279599,4.524338517471218,0.9655207412500311,17,300,3.882400653356531,,
sub-20171120-NTS-1,stim11,59,good,529,871.9515648,0.6066850744414193,6.4393939393939394,1.4112851446089698,17,300,14.879305372331041,2.1663799101958516,0.0
sub-20171120-NTS-1,stim11,60,mua,943,871.9515648,1.0814820892216603,8.174097664543524,1.3385936499593383,17,300,5.537317075805222,,
sub-20171120-NTS-1,stim11,61,mua,1705,871.9515648,1.9553838410635536,6.279342723004695,0.7531530810116154,16,300,6.345958860759699,,
sub-20171120-NTS-1,stim11,62,mua,691,871.9515648,0.7924752106597744,0.8695652173913043,1.3009428279771316,17,300,11.773716294839026,,
sub-20171120-NTS-1,stim11,63,mua,1995,871.9515648,2.2879711219482632,2.206619859578736,1.035459037211709,16,300,5.912578002204403,,
sub-20171120-NTS-1,stim11,64,good,3973,871.9515648,4.5564457481205265,11.027190332326283,1.2581375474125673,18,300,6.650467574934928,0.7857291076701924,0.0
sub-20171120-NTS-1,stim11,65,good,6482,871.9515648,7.43389915411962,3.564264773954637,1.0187009038933785,17,300,6.375573082209958,1.0853396215550521,1.0
sub-20171120-NTS-1,stim11,66,mua,972,871.9515648,1.1147408173101314,7.209062821833162,1.2248387624430699,19,300,3.8018853286538707,,
sub-20171120-NTS-1,stim11,68,mua,15416,871.9515648,17.6798811107541,6.072007784625365,0.7953527427568527,19,300,6.306859290559527,,
sub-20171120-NTS-1,stim11,69,mua,127,871.9515648,0.14565029197364884,3.1746031746031744,1.100416283332503,18,127,14.34937383208733,,
sub-20171120-NTS-1,stim11,70,mua,1291,871.9515648,1.4805868262833124,9.069767441860465,1.292020738280374,19,300,5.1875597732327074,,
sub-20171120-NTS-1,stim11,71,mua,3818,871.9515648,4.378683580751113,4.925334031962274,0.8798649341273043,18,300,7.2332913819700995,,
sub-20171120-NTS-1,stim11,72,good,125,871.9515648,0.14335658658823705,0.8064516129032258,1.2401763235445167,18,125,8.7947946680832,1.4226892196540428,1.0
sub-20171120-NTS-1,stim11,73,mua,1177,871.9515648,1.34984561931484,14.540816326530612,1.3914753271811278,18,300,7.90246289505669,,
sub-20171120-NTS-1,stim11,74,good,10575,871.9515648,12.127967225364856,9.523359182901455,0.706902353353082,18,300,6.763171922769165,0.941811959793057,0.0
sub-20171120-NTS-1,stim11,75,mua,4019,871.9515648,4.609200971984998,0.7217521154803385,1.100134605063293,19,300,6.4538428789941795,,
sub-20171120-NTS-1,stim11,76,mua,2103,871.9515648,2.4118312127605,15.318744053282588,1.438521999248035,19,300,7.319617972353586,,
sub-20171120-NTS-1,stim11,77,mua,1424,871.9515648,1.6331182344131965,4.005621925509487,1.1245752781949012,18,300,5.555760828448744,,
sub-20171120-NTS-1,stim11,78,mua,447,871.9515648,0.5126431536395357,2.690582959641256,1.1744168858591189,18,300,6.773107473284746,,
sub-20171120-NTS-1,stim11,79,good,1340,871.9515648,1.5367826082259013,21.65795369678865,1.44803232506219,19,300,5.231475572613645,0.6835808767180249,0.0
sub-20171120-NTS-1,stim11,80,good,654,871.9515648,0.7500416610296563,22.2052067381317,1.3532986679552732,18,300,30.229427229542075,4.137874690116639,0.0
sub-20171120-NTS-1,stim11,81,mua,3726,871.9515648,4.27317313302217,5.879194630872483,1.2305404246736489,18,300,10.661606531332563,,
sub-20171120-NTS-1,stim11,82,good,6060,871.9515648,6.949927317797733,0.42911371513451063,0.6531207368805871,18,300,10.307812932073736,1.5146955281777468,1.0
sub-20171120-NTS-1,stim11,83,mua,8410,871.9515648,9.645031145656588,8.633606849803781,0.7052297083264844,20,300,3.150685237723563,,
sub-20171120-NTS-1,stim11,84,mua,2618,871.9515648,3.002460349504037,11.99847153228888,1.344177274383729,20,300,3.820581302568927,,
sub-20171120-NTS-1,stim11,85,good,1741,871.9515648,1.9966705380009657,1.0344827586206897,1.2252715475626033,22,300,5.188443473945956,0.9035500921526645,1.0
sub-20171120-NTS-1,stim11,86,mua,8661,871.9515648,9.93289117152577,4.757505773672055,0.7555495153862015,22,300,4.017210188538198,,
sub-20171120-NTS-1,stim11,87,mua,1826,871.9515648,2.0941530168809668,4.383561643835616,1.382014300840889,25,300,6.885220884044304,,
sub-20171120-NTS-1,stim11,88,mua,270,871.9515648,0.30965022703059203,0.0,0.8733172698535944,24,270,11.001127855487333,,
sub-20171120-NTS-1,stim11,89,mua,284,871.9515648,0.3257061647284746,0.0,0.8549696845261966,24,284,17.25572346069401,,
sub-20171120-NTS-1,stim11,90,mua,383,871.9515648,0.43924458130635835,6.806282722513089,1.3432283364741342,25,300,27.081706014760947,,
sub-20171120-NTS-1,stim11,91,mua,544,871.9515648,0.6238878648320076,0.7366482504604052,1.0888296937262008,24,300,3.558194466701284,,
sub-20171120-NTS-1,stim11,92,mua,674,871.9515648,0.7729787148837742,8.618127786032689,1.3677623471004552,24,300,4.289723903913654,,
sub-20171120-NTS-1,stim11,93,mua,5206,871.9515648,5.970515118226897,0.941402497598463,1.013388078394545,24,300,6.078762186968633,,
sub-20171120-NTS-1,stim11,94,good,1365,871.9515648,1.5654539255435487,3.5923753665689153,1.045707130106289,25,300,33.28727270112125,5.068257324574524,1.0
sub-20171120-NTS-1,stim11,95,good,2085,871.9515648,2.391187864291794,6.2859884836852205,1.1036624957498165,24,300,13.794097116678495,1.7328992864518113,0.0
sub-20171120-NTS-1,stim11,96,good,2528,871.9515648,2.899243607160506,14.681440443213297,1.424225978446053,25,300,36.140114824071404,4.891909494749284,0.0
sub-20171120-NTS-1,stim11,97,mua,2148,871.9515648,2.463439583932266,24.452724732184443,1.4639141352310023,25,300,8.486264641856033,,
sub-20171120-NTS-1,stim11,98,good,338,871.9515648,0.387636210134593,42.13649851632047,1.426268067393805,27,300,14.839323422849155,1.7101903461171264,0.0
sub-20171120-NTS-1,stim11,99,good,2147,871.9515648,2.4622927312395597,10.251630941286113,1.4977744033114682,27,300,6.90151669204083,1.3531787472689867,0.0
sub-20171120-NTS-1,stim11,100,good,707,871.9515648,0.8108248537430688,39.376770538243626,1.6712090535150859,27,300,20.09839106468001,2.8102520414981234,0.0
sub-20171120-NTS-1,stim11,101,mua,143,871.9515648,0.16399993505694319,0.7042253521126761,1.1481361131578667,25,143,32.47548981422963,,
sub-20171120-NTS-1,stim11,102,mua,271,871.9515648,0.31079707972329795,2.9629629629629632,1.1683818729077844,26,271,6.402333779893978,,
sub-20171120-NTS-1,stim11,103,mua,1261,871.9515648,1.4461812455021354,11.26984126984127,1.3479312248295288,27,300,3.994351897350654,,
sub-20171120-NTS-1,stim11,104,good,813,871.9515648,0.9323912391698939,3.201970443349754,1.2719399562809344,26,300,6.68776574230903,0.916076907892193,1.0
sub-20171120-NTS-1,stim11,105,good,273,871.9515648,0.31309078510870975,12.867647058823529,1.3266558875503025,26,273,15.429031976804641,2.697514684724228,0.0
sub-20171120-NTS-1,stim11,106,good,420,871.9515648,0.4816781309364765,5.250596658711217,1.322768693770898,26,300,7.913215672682401,1.2001228635720849,0.0
sub-20171120-NTS-1,stim11,107,mua,1809,871.9515648,2.074656521104967,29.424778761061948,1.56493241750482,26,300,6.389913440867389,,
sub-20171120-NTS-1,stim11,108,mua,56,871.9515648,0.0642237507915302,0.0,0.9802629178583293,25,56,39.18720506695729,,
sub-20171120-NTS-1,stim11,109,mua,780,871.9515648,0.8945451003105992,15.789473684210526,1.374861489249049,26,300,4.960852659700903,,
sub-20171120-NTS-1,stim11,110,mua,196,871.9515648,0.2247831277703557,2.564102564102564,1.0542035469315203,25,196,33.73101673924044,,
sub-20171120-NTS-1,stim11,111,mua,5961,871.9515648,6.836388901219848,22.466442953020135,1.3064351378202919,27,300,4.3102241479141545,,
sub-20171120-NTS-1,stim11,112,good,381,871.9515648,0.43695087592094656,2.631578947368421,1.2408413992192686,27,300,9.494901944863026,1.5105404263139361,1.0
sub-20171120-NTS-1,stim11,113,mua,598,871.9515648,0.6858179102381261,3.5175879396984926,1.4395989152607336,25,300,33.18837457233498,,
sub-20171120-NTS-1,stim11,114,mua,2201,871.9515648,2.524222776645678,1.9090909090909092,0.9389506074724755,29,300,6.391915353267645,,
sub-20171120-NTS-1,stim11,115,good,274,871.9515648,0.3142376378014156,38.095238095238095,1.2774830688843068,29,274,16.049435275359613,1.5080613675854175,0.0
sub-20171120-NTS-1,stim11,116,mua,2023,871.9515648,2.3200829973440285,9.099901088031652,1.2081651396116182,28,300,5.238448495182543,,
sub-20171120-NTS-1,stim11,117,mua,2940,871.9515648,3.3717469165553355,6.805035726437564,1.200085477882606,28,300,10.73292920255162,,
sub-20171120-NTS-1,stim11,118,good,801,871.9515648,0.9186290068574231,1.625,1.4846233389856358,29,300,7.6251951821127335,1.4943130313654653,1.0
sub-20171120-NTS-1,stim11,119,mua,508,871.9515648,0.5826011678945954,2.9585798816568047,1.180699548612513,29,300,7.155982467526014,,
sub-20171120-NTS-1,stim11,120,mua,73,871.9515648,0.08372024656753044,4.166666666666666,1.0650302535725051,28,73,12.586634326107523,,
sub-20171120-NTS-1,stim11,121,mua,1161,871.9515648,1.3314959762315457,27.93103448275862,1.353335869913561,28,300,6.679561641767625,,
sub-20171120-NTS-1,stim11,122,mua,2156,871.9515648,2.4726144054739128,7.192575406032482,1.1377500012339508,28,300,3.7482919813213917,,
sub-20171120-NTS-1,stim11,123,good,1152,871.9515648,1.3211743019971927,1.2163336229365769,1.289485210031419,29,300,10.38487986260694,1.0664071745406496,1.0
sub-20171120-NTS-1,stim11,124,good,1141,871.9515648,1.3085589223774279,19.561403508771928,1.5735262715736626,30,300,10.27666999019944,1.4518859676259963,0.0
sub-20171120-NTS-1,stim11,125,good,14199,871.9515648,16.284161383731025,0.007043245527539091,0.40159445632481133,29,300,17.68308328887178,2.5348913207196357,1.0
sub-20171120-NTS-1,stim11,126,mua,762,871.9515648,0.8739017518418931,3.28515111695138,1.136188133632111,29,300,5.067325873672187,,
sub-20171120-NTS-1,stim11,127,mua,12890,871.9515648,14.782931208979006,6.656839165179611,0.9580835961855723,30,300,4.832996275852179,,
sub-20171120-NTS-1,stim11,128,mua,1516,871.9515648,1.738628682142139,0.9900990099009901,0.9173603940411236,29,300,7.491721339946775,,
sub-20171120-NTS-1,stim11,129,mua,126,871.9515648,0.14450343928094295,0.0,0.9812178982507131,31,126,12.555110037795691,,
sub-20171120-NTS-1,stim11,130,mua,1169,871.9515648,1.3406707977731929,12.842465753424658,1.3611914645790022,30,300,6.345115569317257,,
sub-20171120-NTS-1,stim11,131,good,531,871.9515648,0.608978779826831,5.471698113207547,1.3717477523005224,29,300,15.491643547323191,1.949282606074171,0.0
sub-20171120-NTS-1,stim11,132,good,999,871.9515648,1.1457058400131905,17.635270541082164,1.309050202918663,31,300,13.46875781584842,1.8436578370813104,0.0
sub-20171120-NTS-1,stim11,133,mua,1965,871.9515648,2.2535655411670867,6.313645621181263,1.179801185002861,31,300,4.88204984332425,,
sub-20171120-NTS-1,stim11,134,mua,1778,871.9515648,2.0391040876310838,6.1339335959482275,1.1537514874148829,31,300,5.4466973080999095,,
sub-20171120-NTS-1,stim11,135,mua,3232,871.9515648,3.706627902825457,6.561436087898484,0.5097636468210935,30,300,21.239728267978453,,
sub-20171120-NTS-1,stim16,2,mua,9442,1126.5390592,8.38142266163868,6.651837729054126,1.0202296789445822,1,300,3.7656020559807977,,
sub-20171120-NTS-1,stim16,7,mua,5195,1126.5390592,4.611469045457842,3.7350789372352713,0.5492638275488795,0,300,9.780081096103826,,
sub-20171120-NTS-1,stim16,9,good,3434,1126.5390592,3.0482742448704965,2.912904165452957,0.9693107242024757,1,300,11.001902816700316,1.2733304303117574,1.0
sub-20171120-NTS-1,stim16,10,good,9282,1126.5390592,8.239394741085599,0.6572567611248789,0.8230373804606967,2,300,2.7481209749812487,0.6129389746064405,1.0
sub-20171120-NTS-1,stim16,11,mua,23016,1126.5390592,20.430716371560674,19.782750380186833,1.0965244606980717,0,300,5.442115108103986,,
sub-20171120-NTS-1,stim16,13,good,14491,1126.5390592,12.863291229591836,27.653554175293305,1.7543201046054175,3,300,9.393341997036622,1.8908663673256738,0.0
sub-20171120-NTS-1,stim16,16,good,616,1126.5390592,0.546807494129361,4.227642276422764,1.2780069886880454,2,300,4.180391891543452,0.5705338754616077,1.0
sub-20171120-NTS-1,stim16,17,mua,1672,1126.5390592,1.4841917697796942,0.11968880909634949,0.6048338961753429,2,300,8.521367169753786,,
sub-20171120-NTS-1,stim16,20,mua,27182,1126.5390592,24.128768352961515,3.428865751811928,0.48165694713568913,2,300,5.444596998928003,,
sub-20171120-NTS-1,stim16,21,mua,5119,1126.5390592,4.544005783195129,1.6608050019538885,1.116144628703233,2,300,5.105505046020291,,
sub-20171120-NTS-1,stim16,22,mua,38617,1126.5390592,34.279326299989506,13.326082452869276,1.0307550670938643,3,300,5.025951753328405,,
sub-20171120-NTS-1,stim16,23,mua,1228,1126.5390592,1.0900642902448952,0.4889975550122249,1.0328999763695463,4,300,3.873251456384682,,
sub-20171120-NTS-1,stim16,24,good,3998,1126.5390592,3.548922664820106,7.555666750062547,1.5829883129059257,5,300,9.654094268830843,1.3667086912428859,0.0
sub-20171120-NTS-1,stim16,25,mua,17235,1126.5390592,15.299070067077173,6.2434722061042125,0.9394469589766525,5,300,5.008737505560232,,
sub-20171120-NTS-1,stim16,27,good,1016,1126.5390592,0.9018772955120631,22.463054187192117,1.433529286804494,5,300,15.02743040013847,2.2858492319957366,0.0
sub-20171120-NTS-1,stim16,30,good,10092,1126.5390592,8.95841108888557,8.63145377068675,1.5700545862483954,5,300,4.747548272290138,0.7626960686723331,0.0
sub-20171120-NTS-1,stim16,32,mua,19711,1126.5390592,17.496952137636097,3.1506849315068495,0.7481253920096506,4,300,5.278318575423209,,
sub-20171120-NTS-1,stim16,33,good,3816,1126.5390592,3.387365905190977,0.05242463958060288,0.5622113865489509,4,300,11.947942218082279,1.5173850566330556,1.0
sub-20171120-NTS-1,stim16,35,mua,16610,1126.5390592,14.7442735024167,0.5057498946354386,0.44537732216263537,7,300,5.798997004502658,,
sub-20171120-NTS-1,stim16,36,mua,2488,1126.5390592,2.2085341646004064,0.6031363088057901,1.057941691901506,6,300,4.4052830429922745,,
sub-20171120-NTS-1,stim16,37,mua,24260,1126.5390592,21.534983453860875,2.926748835483738,0.658789050909319,5,300,4.077336640364952,,
sub-20171120-NTS-1,stim16,40,good,10809,1126.5390592,9.594873707864064,13.490007401924501,1.1041294608081806,6,300,4.580039475674288,0.6805619263933854,0.0
sub-20171120-NTS-1,stim16,41,mua,8216,1126.5390592,7.293133720400699,5.794278758368838,0.7733383533755681,8,300,4.774967521889994,,
sub-20171120-NTS-1,stim16,43,mua,15830,1126.5390592,14.05188738972043,22.351380377787606,1.3086667576254043,8,300,5.868533269097164,,
sub-20171120-NTS-1,stim16,44,mua,9669,1126.5390592,8.582924773923365,0.8378154737277617,0.6143296550134549,8,300,4.61675604451856,,
sub-20171120-NTS-1,stim16,46,mua,2654,1126.5390592,2.3558881321742278,1.7715793441387109,1.0118167796660182,8,300,4.256712462105605,,
sub-20171120-NTS-1,stim16,47,good,2189,1126.5390592,1.9431194880668365,22.212065813528337,1.6857746803388376,8,300,7.041507305568509,1.4536141659888353,0.0
sub-20171120-NTS-1,stim16,50,mua,2166,1126.5390592,1.9227029744873312,1.8013856812933025,1.1963918466964436,8,300,6.917741524362416,,
sub-20171120-NTS-1,stim16,51,mua,31883,1126.5390592,28.30172619371172,0.5802647261777806,0.2771394426699421,9,300,4.008846365491725,,
sub-20171120-NTS-1,stim16,54,mua,5526,1126.5390592,4.905289306102028,12.416289592760181,1.0713379765183781,9,300,5.473391329643094,,
sub-20171120-NTS-1,stim16,56,mua,4757,1126.5390592,4.222667612943783,4.520605550883095,1.0420301897246291,10,300,8.984831992758194,,
sub-20171120-NTS-1,stim16,57,good,1843,1126.5390592,1.6359841098707995,1.1400651465798046,1.0223583909143488,11,300,3.948728039714196,0.768893786832614,1.0
sub-20171120-NTS-1,stim16,58,good,60930,1126.5390592,54.08600749562008,1.3409049877726535,0.49190352851638397,10,300,6.609293710258825,0.9562498099299157,1.0
sub-20171120-NTS-1,stim16,59,mua,16726,1126.5390592,14.847243744817684,3.9760837070254107,0.5047703888146711,10,300,7.444469329486911,,
sub-20171120-NTS-1,stim16,63,good,24886,1126.5390592,22.090667693024805,0.466144263612618,0.8241434759538049,11,300,3.940154364762899,0.6141216182776297,1.0
sub-20171120-NTS-1,stim16,64,mua,3962,1126.5390592,3.516966382695663,2.7013380459479928,1.086414450414776,11,300,4.274215984968115,,
sub-20171120-NTS-1,stim16,65,good,826,1126.5390592,0.7332191398552796,0.12121212121212122,1.2694114672387296,10,300,4.425509183157359,0.9927220978124174,1.0
sub-20171120-NTS-1,stim16,66,mua,2405,1126.5390592,2.1348571808134955,1.913477537437604,1.0497141505045997,10,300,5.023887541291871,,
sub-20171120-NTS-1,stim16,67,mua,731,1126.5390592,0.6488900620268879,7.260273972602739,1.1416140337213816,10,300,17.638558406274477,,
sub-20171120-NTS-1,stim16,68,mua,389,1126.5390592,0.3453053818446777,0.7731958762886598,1.0222373411981824,10,300,4.395727859741168,,
sub-20171120-NTS-1,stim16,69,good,1315,1126.5390592,1.1672919720456327,36.14916286149163,1.503793249111299,10,300,12.71083996679982,2.1929575088464093,0.0
sub-20171120-NTS-1,stim16,70,good,3201,1126.5390592,2.8414460855650727,0.43750000000000006,1.3764029049508384,10,300,6.684685694025099,1.0551439911370888,1.0
sub-20171120-NTS-1,stim16,76,mua,1453,1126.5390592,1.2897910535226649,2.8925619834710745,1.319548258099548,13,300,14.89060264285907,,
sub-20171120-NTS-1,stim19,0,mua,4453,855.25004288,5.206664456870188,1.6621743036837375,0.9429297987799822,1,300,6.440776865351238,,
sub-20171120-NTS-1,stim19,1,mua,316,855.25004288,0.36948258889983815,5.714285714285714,1.1816515194637682,1,300,5.611796468195099,,
sub-20171120-NTS-1,stim19,2,mua,2897,855.25004288,3.3873134811481997,1.1740331491712708,1.144276880558447,0,300,9.25616991588875,,
sub-20171120-NTS-1,stim19,3,mua,305,855.25004288,0.3566208532102868,1.3157894736842104,1.0772289825136456,1,300,17.634561639171704,,
sub-20171120-NTS-1,stim19,5,mua,349,855.25004288,0.40806779596849213,3.4482758620689653,1.141015117923341,1,300,11.66634289488947,,
sub-20171120-NTS-1,stim19,6,mua,513,855.25004288,0.599824582612712,4.8828125,1.2802747887246297,1,300,5.694624256390846,,
sub-20171120-NTS-1,stim19,7,good,405,855.25004288,0.4735457231152989,0.7425742574257426,1.0361885036692893,0,300,17.579353365797033,2.390804057306034,1.0
sub-20171120-NTS-1,stim19,8,mua,1418,855.25004288,1.657994655253071,8.045165843330981,1.2270352716910518,1,300,4.602417014069833,,
sub-20171120-NTS-1,stim19,9,mua,2968,855.25004288,3.470330138780758,3.505224132119986,1.241496589066694,0,300,5.412867504133204,,
sub-20171120-NTS-1,stim19,11,good,446,855.25004288,0.5214849197763538,8.539325842696629,1.423388380491216,1,300,11.026071904443347,1.6235554655863884,0.0
sub-20171120-NTS-1,stim19,12,mua,3640,855.25004288,4.256065264542439,0.6320417697169552,0.9285237261888136,0,300,6.737432690669547,,
sub-20171120-NTS-1,stim19,13,mua,123,855.25004288,0.14381758998316485,7.377049180327869,0.9954148529367322,1,123,22.419773911128406,,
sub-20171120-NTS-1,stim19,14,mua,1924,855.25004288,2.2496344969724325,5.096203848153926,1.2611949648471559,1,300,5.61573259282208,,
sub-20171120-NTS-1,stim19,15,good,1077,855.25004288,1.25928084887698,2.323420074349442,0.9134023234724977,1,300,18.83257628678294,2.3565691394536086,1.0
sub-20171120-NTS-1,stim19,16,mua,4605,855.25004288,5.384390259125806,1.107732406602954,0.9580004633019926,1,300,20.93411948234106,,
sub-20171120-NTS-1,stim19,17,mua,926,855.25004288,1.0827242953204117,0.6486486486486486,0.9854345819952423,3,300,4.665039706339097,,
sub-20171120-NTS-1,stim19,18,mua,227,855.25004288,0.2654194546843774,49.557522123893804,1.383687034081111,2,227,6.836706060470282,,
sub-20171120-NTS-1,stim19,20,mua,95,855.25004288,0.11107862640976147,14.893617021276595,1.4265784218440054,2,95,24.991274319755934,,
sub-20171120-NTS-1,stim19,21,mua,259,855.25004288,0.30283541305398126,22.868217054263564,1.3586071636585673,2,259,46.219141300184894,,
sub-20171120-NTS-1,stim19,22,mua,2744,855.25004288,3.2084184301935315,3.5727305869485964,1.13446505575823,3,300,4.417620088682421,,
sub-20171120-NTS-1,stim19,24,mua,130,855.25004288,0.15200233087651568,0.0,1.01707522912062,2,130,7.214819607154412,,
sub-20171120-NTS-1,stim19,25,mua,51,855.25004288,0.059631683651556154,0.0,1.010107755565973,2,51,7.6067657077359705,,
sub-20171120-NTS-1,stim19,26,mua,153,855.25004288,0.17889505095466848,2.631578947368421,1.1667394281844508,2,153,52.89138341650803,,
sub-20171120-NTS-1,stim19,27,mua,89,855.25004288,0.10406313421546075,1.1363636363636365,1.311729597196656,3,89,13.084129242254129,,
sub-20171120-NTS-1,stim19,28,mua,1076,855.25004288,1.25811160017793,2.9767441860465116,0.9987253426378229,2,300,11.7972991131314,,
sub-20171120-NTS-1,stim19,29,mua,1438,855.25004288,1.6813796292340737,3.1315240083507305,1.0769175497535515,2,300,5.660356469214892,,
sub-20171120-NTS-1,stim19,30,mua,1920,855.25004288,2.244957502176232,13.6529442417926,1.1810523722803796,2,300,7.252094073975092,,
sub-20171120-NTS-1,stim19,31,mua,1578,855.25004288,1.8450744471010905,5.833861762840837,1.2211477951892151,3,300,4.441947668935717,,
sub-20171120-NTS-1,stim19,32,good,6779,855.25004288,7.926336930860768,48.28858070227206,0.8806086301974735,3,300,6.059123590172369,1.2373437831519776,0.0
sub-20171120-NTS-1,stim19,33,good,1234,855.25004288,1.442852894627849,2.5952960259529605,0.8977101327160092,3,300,10.244422077213086,1.4836951924107795,1.0
sub-20171120-NTS-1,stim19,34,good,1725,855.25004288,2.016954005861458,10.672853828306264,1.4063274551065439,2,300,21.42850692501465,3.5686283894225954,0.0
sub-20171120-NTS-1,stim19,35,mua,2950,855.25004288,3.449283662197856,5.052560189894879,1.1643336567675648,5,300,5.6453292883590125,,
sub-20171120-NTS-1,stim19,36,mua,609,855.25004288,0.7120724577215235,0.8223684210526315,1.0121504089722164,5,300,6.898451561114131,,
sub-20171120-NTS-1,stim19,37,good,276,855.25004288,0.3227126409378333,18.181818181818183,1.8610064064655423,4,276,12.385697227468572,2.568363361017157,0.0
sub-20171120-NTS-1,stim19,38,mua,876,855.25004288,1.0242618603679057,25.142857142857146,1.5172984661582083,4,300,7.316643898048287,,
sub-20171120-NTS-1,stim19,39,mua,1407,855.25004288,1.6451329195635198,2.204836415362731,0.9421901821345318,4,300,4.688080411825143,,
sub-20171120-NTS-1,stim19,40,mua,196,855.25004288,0.22917274501382368,2.051282051282051,1.1830328885740564,5,196,5.66908703544663,,
sub-20171120-NTS-1,stim19,41,mua,40381,855.25004288,47.21543171634293,49.155522535908865,1.7377040533308423,4,300,9.042353989423734,,
sub-20171120-NTS-1,stim19,42,good,127,855.25004288,0.14849458477936534,1.5873015873015872,1.2124508969913748,7,127,5.369485006765093,1.0344846487391088,1.0
sub-20171120-NTS-1,stim19,43,good,150,855.25004288,0.1753873048575181,7.38255033557047,1.5166972826433487,4,150,9.689126415711913,1.6281707435727855,0.0
sub-20171120-NTS-1,stim19,44,good,987,855.25004288,1.1540484659624692,0.10141987829614604,0.8216453495156291,5,300,20.182594735768916,2.7491247570852773,1.0
sub-20171120-NTS-1,stim19,45,good,7925,855.25004288,9.266295939972206,5.502271580010095,1.0489858248807633,6,300,8.452618228087843,1.019663938279532,0.0
sub-20171120-NTS-1,stim19,46,mua,14787,855.25004288,17.289680512854137,0.38549979710536997,0.25979105246615336,7,300,2.9654402829230624,,
sub-20171120-NTS-1,stim19,47,good,2123,855.25004288,2.4823149880834063,1.413760603204524,1.5379693363414397,7,300,7.246301759329938,1.483495795401833,1.0
sub-20171120-NTS-1,stim19,48,good,20980,855.25004288,24.530837706071534,3.5368702035368704,0.40209224362919027,6,300,11.753799624572883,2.090501655158529,1.0
sub-20171120-NTS-1,stim19,49,mua,298,855.25004288,0.348436112316936,0.6734006734006733,1.0520998949457345,4,298,8.232701477214036,,
sub-20171120-NTS-1,stim19,50,mua,4406,855.25004288,5.151709768014832,5.629965947786606,1.087200845030858,6,300,4.261454215467744,,
sub-20171120-NTS-1,stim19,51,mua,9465,855.25004288,11.066938936509393,2.007607776838546,0.7440047427868898,7,300,4.101810261510472,,
sub-20171120-NTS-1,stim19,52,mua,1115,855.25004288,1.3037122994408845,0.8976660682226212,0.8689538764547412,9,300,4.904755928037434,,
sub-20171120-NTS-1,stim19,53,mua,12256,855.25004288,14.330312055558279,0.9547123623011016,0.6160390330103093,8,300,7.736574727813898,,
sub-20171120-NTS-1,stim19,54,good,605,855.25004288,0.7073954629253231,0.33112582781456956,0.9596185230915713,8,300,4.370427937701594,0.9388676034816963,1.0
sub-20171120-NTS-1,stim19,55,good,2377,855.25004288,2.779304157642137,16.245791245791246,1.4443527653091177,9,300,17.17239426726857,2.9049830912901413,0.0
sub-20171120-NTS-1,stim19,56,mua,8998,855.25004288,10.520899794052987,0.2556407691452706,0.6476758330461637,8,300,5.977305410373645,,
sub-20171120-NTS-1,stim19,57,mua,9433,855.25004288,11.02952297813979,0.6467345207803222,0.49392092089502354,8,300,3.220920091111692,,
sub-20171120-NTS-1,stim19,58,mua,1400,855.25004288,1.636948178670169,0.42887776983559683,0.7971470332055042,9,300,10.50460759465844,,
sub-20171120-NTS-1,stim19,59,good,5298,855.25004288,6.194679607567539,3.0960921276194076,1.0156062587385544,9,300,4.742673532149348,0.9062153244356504,1.0
sub-20171120-NTS-1,stim19,60,mua,751,855.25004288,0.8781057729866407,2.0,1.1172581127373564,9,300,5.129933601167808,,
sub-20171120-NTS-1,stim19,61,mua,211,855.25004288,0.24671147549957548,4.285714285714286,1.0093410969059282,9,211,4.648645277012161,,
sub-20171120-NTS-1,stim19,62,mua,4879,855.25004288,5.704764402665539,0.4510045100451004,0.9545800695889358,11,300,5.518032397057004,,
sub-20171120-NTS-1,stim19,63,good,4688,855.25004288,5.481437901146966,0.4267121826328142,0.8432953234821868,10,300,10.425595071209427,1.8386303522815706,1.0
sub-20171120-NTS-1,stim19,64,mua,4941,855.25004288,5.777257822006646,4.473684210526316,0.9875560994754079,11,300,5.155407922437002,,
sub-20171120-NTS-1,stim19,65,good,114,855.25004288,0.13329435169171377,0.8849557522123894,1.4736129089783536,11,114,10.706640330277345,0.7744888527333961,1.0
sub-20171120-NTS-1,stim19,66,mua,82,855.25004288,0.0958783933221099,0.0,1.2187001247989007,11,82,10.799952996359787,,
sub-20171120-NTS-1,stim19,67,mua,406,855.25004288,0.474714971814349,28.641975308641975,1.5428859332101084,11,300,11.523984292633868,,
sub-20171120-NTS-1,stim19,69,mua,201,855.25004288,0.23501898850907427,3.0,1.4018119021846085,10,201,7.035682837380371,,
sub-20171120-NTS-1,stim19,70,good,3518,855.25004288,4.113416923258325,2.0187659937446685,0.9458733166920223,10,300,6.998058457150098,1.0716425318551877,1.0
sub-20171120-NTS-1,stim19,71,good,1776,855.25004288,2.0765856895130144,30.87323943661972,1.7277243574314167,11,300,9.142688849632096,1.556894240933306,0.0
sub-20171120-NTS-1,stim19,72,mua,2472,855.25004288,2.8903827840518983,10.117361392148927,1.2404541893262213,10,300,5.660231589141671,,
sub-20171120-NTS-1,stim19,73,good,3387,855.25004288,3.9602453436827587,0.11813349084465447,1.089184851700561,10,300,14.536742031483435,2.4030395523917596,1.0
sub-20171120-NTS-1,stim19,74,good,32777,855.25004288,38.32446460876581,2.620820112277276,0.623642411625864,11,300,5.6619642835974044,0.8163351205911742,1.0
sub-20171120-NTS-1,stim19,75,mua,14078,855.25004288,16.460683185227598,1.2715777509412516,0.6216646804181517,12,300,4.585766452892774,,
sub-20171120-NTS-1,stim19,76,mua,3662,855.25004288,4.281788735921542,6.8833652007648185,1.2675673229623274,12,300,3.5469390777912655,,
sub-20171120-NTS-1,stim19,77,mua,11158,855.25004288,13.046476984001247,0.17925965761405396,0.850473858495901,12,300,5.047674702236966,,
sub-20171120-NTS-1,stim19,78,mua,7758,855.25004288,9.071031407230837,0.5543380172747197,0.7653947308168269,13,300,3.3760485827063405,,
sub-20171120-NTS-1,stim19,79,good,8932,855.25004288,10.443729379915679,2.396148247676632,0.9952627985458568,13,300,3.744451125330064,0.5554219302537498,1.0
sub-20171120-NTS-1,stim19,80,mua,1598,855.25004288,1.8684594210820928,1.0644959298685035,1.0357753135962247,12,300,2.7958413479567112,,
sub-20171120-NTS-1,stim19,81,mua,3373,855.25004288,3.9438758618960574,1.0676156583629894,0.9727676457903649,16,300,3.8117070290652055,,
sub-20171120-NTS-1,stim19,82,mua,842,855.25004288,0.9845074046002017,0.713436385255648,1.054487226588441,16,300,7.562532788858237,,
sub-20171120-NTS-1,stim19,83,mua,1471,855.25004288,1.7199648363027276,1.292517006802721,1.1923038399845318,16,300,3.7724474916216404,,
sub-20171120-NTS-1,stim19,84,mua,574,855.25004288,0.6711487532547693,1.2216404886561953,1.115881562854325,16,300,2.43183317088067,,
sub-20171120-NTS-1,stim19,85,good,129,855.25004288,0.15083308217746558,26.5625,1.1812076858834577,16,129,10.103196888161559,1.037217275510959,0.0
sub-20171120-NTS-1,stim3,34,mua,1349,946.8778496,1.4246821810964032,6.973293768545995,1.1379420121916686,8,300,2.9679037977476286,,
sub-20171120-NTS-1,stim3,39,mua,2455,946.8778496,2.59273147115765,12.34718826405868,1.1840874754037385,10,300,3.5486613690536553,,
sub-20171120-NTS-1,stim3,63,mua,221,946.8778496,0.23339863752580067,1.8181818181818181,1.0674078324136693,25,221,3.608910237688149,,
sub-20171120-NTS-1,stim3,64,mua,8405,946.8778496,8.87654094300613,13.279390766301761,1.1574042030486935,17,300,3.721395607207362,,
sub-20171120-NTS-1,stim3,65,mua,198,946.8778496,0.2091082815842015,2.030456852791878,1.2737894034917687,25,198,4.242827641499638,,
sub-20171120-NTS-1,stim3,66,mua,549,946.8778496,0.5798002353016496,5.474452554744526,1.1582473969207172,16,300,4.597705470062291,,
sub-20171120-NTS-1,stim3,67,good,288,946.8778496,0.3041575004861113,0.6968641114982579,1.114964460420308,16,288,7.2301064785360545,1.0059798612476358,1.0
sub-20171120-NTS-1,stim3,68,mua,1729,946.8778496,1.8260011053489111,29.45601851851852,1.352881377794479,16,300,6.140278756364947,,
sub-20171120-NTS-1,stim3,69,mua,3404,946.8778496,3.5949726793566765,2.027622685865413,1.2833830999854698,16,300,3.62988959969369,,
sub-20171120-NTS-1,stim3,70,good,5550,946.8778496,5.861368498951102,6.866102000360426,1.257202266105436,16,300,4.846028620800495,1.238189666365487,0.0
sub-20171120-NTS-1,stim3,71,mua,6446,946.8778496,6.807636278241227,9.60434445306439,1.1169952932577156,18,300,3.9400145421553687,,
sub-20171120-NTS-1,stim3,72,mua,6243,946.8778496,6.593247484495808,16.757449535405318,1.1682861451271405,16,300,3.153952512495554,,
sub-20171120-NTS-1,stim3,73,good,339,946.8778496,0.3580187245305268,0.8875739644970414,1.331561601449788,18,300,4.258145913050609,0.7506974689363779,1.0
sub-20171120-NTS-1,stim3,74,mua,2070,946.8778496,2.186132034743925,1.4983083615273078,1.0636805366696889,18,300,5.7408548189206385,,
sub-20171120-NTS-1,stim3,78,mua,3516,946.8778496,3.7132561517679417,4.551920341394026,1.0782356336205554,25,300,5.320793411129529,,
sub-20171120-NTS-1,stim3,79,good,4108,946.8778496,4.33846879165606,9.057706355003653,1.2344603369337357,25,300,7.576723926491575,0.685113479050179,0.0
sub-20171120-NTS-1,stim3,80,good,404,946.8778496,0.42666538262635056,11.910669975186105,1.5695304475564267,25,300,7.485721864907349,1.4388216432100045,0.0
sub-20171120-NTS-1,stim3,81,mua,5649,946.8778496,5.965922639743203,4.160764872521247,0.9231555489004398,24,300,13.479496652330306,,
sub-20171120-NTS-1,stim3,82,mua,6026,946.8778496,6.3640732566989815,12.049792531120332,0.9829859619694986,24,300,5.381638736627637,,
sub-20171120-NTS-1,stim3,83,good,16162,946.8778496,17.06872750991851,0.20419528494523853,0.3966515784746232,25,300,15.553057269800423,2.091258484536847,1.0
sub-20171120-NTS-1,stim3,84,mua,1339,946.8778496,1.4141211567739687,3.961136023916293,1.4184983886377727,24,300,6.3265258672641025,,
sub-20171120-NTS-1,stim3,86,good,664,946.8778496,0.7012520150096454,2.865761689291101,0.3016569604807981,24,300,7.15509020207253,1.1850090174403392,1.0
sub-20171120-NTS-1,stim3,87,mua,623,946.8778496,0.6579518152876643,18.006430868167204,1.3626689580876332,24,300,10.86570663242614,,
sub-20171120-NTS-1,stim3,88,mua,6907,946.8778496,7.294499499505453,12.018534607587606,1.1350907148328322,24,300,6.547674021194368,,
sub-20171120-NTS-1,stim3,89,mua,11941,946.8778496,12.61091914341894,0.7788944723618091,0.49235670934163317,26,300,5.441357557108102,,
sub-20171120-NTS-1,stim3,90,good,468,946.8778496,0.4942559382899308,2.9978586723768736,1.3304748079420523,27,300,16.39878172822376,1.6867763406896943,1.0
sub-20171120-NTS-1,stim3,91,mua,1561,946.8778496,1.6485758967320128,2.371794871794872,1.1187729008500056,26,300,5.76598574162449,,
sub-20171120-NTS-1,stim3,92,good,2288,946.8778496,2.4163623649729953,1.0931351114997814,1.4011642440001453,26,300,5.329320593988839,1.0965181586239308,1.0
sub-20171120-NTS-1,stim3,93,mua,962,946.8778496,1.015970539818191,9.67741935483871,1.3512910038807002,26,300,8.620755780696205,,
sub-20171120-NTS-1,stim3,94,good,1952,946.8778496,2.0615119477391985,9.533572526909277,1.4439440771611438,27,300,6.053737723574758,0.5427683426184222,0.0
sub-20171120-NTS-1,stim3,95,mua,11253,946.8778496,11.884320670035452,9.002843938855316,0.957169149874329,26,300,4.9230742799685965,,
sub-20171120-NTS-1,stim3,96,mua,235,946.8778496,0.24818407157720887,2.9914529914529915,1.2719089827615886,27,235,14.340692682936849,,
sub-20171120-NTS-1,stim3,97,mua,473,946.8778496,0.49953645045114803,11.016949152542372,1.310800560417646,26,300,17.277997768572064,,
sub-20171120-NTS-1,stim3,98,mua,2024,946.8778496,2.1375513228607264,9.391992090954028,1.267746073499463,27,300,3.6183880955954875,,
sub-20171120-NTS-1,stim3,99,mua,66,946.8778496,0.06970276052806716,0.0,1.0768630760746725,25,66,5.200444907983748,,
sub-20171120-NTS-1,stim3,100,mua,2500,946.8778496,2.640256080608605,2.4009603841536618,1.1454091052695923,26,300,5.476712518360179,,
sub-20171120-NTS-1,stim3,101,mua,1144,946.8778496,1.2081811824864976,0.6124234470691163,0.8260748609203858,25,300,7.720117657218869,,
sub-20171120-NTS-1,stim3,102,good,392,946.8778496,0.41399215343942924,7.41687979539642,1.250595105783133,24,300,17.24073451228875,2.161310464885355,0.0
sub-20171120-NTS-1,stim3,103,good,1252,946.8778496,1.3222402451687894,25.819344524380494,1.2459465539545271,25,300,15.501676813141248,1.608964693583803,0.0
sub-20171120-NTS-1,stim3,105,mua,3152,946.8778496,3.328834866431329,7.553157727705491,1.1930802798759588,27,300,5.003607534870934,,
sub-20171120-NTS-1,stim3,106,mua,3422,946.8778496,3.613982523137058,12.481730488161356,1.2006993507002872,26,300,4.906961717565555,,
sub-20171120-NTS-1,stim3,107,mua,5451,946.8778496,5.756814358159002,1.2110091743119267,0.8580152341699081,28,300,3.403746552293786,,
sub-20171120-NTS-1,stim3,108,mua,2866,946.8778496,3.026789570809705,21.43106457242583,1.25575866196182,30,300,4.58600445336308,,
sub-20171120-NTS-1,stim5,36,mua,2547,207.90493184,12.250791635669936,16.889238020424195,1.147480086949216,17,300,4.117562753310338,,
sub-20171120-NTS-1,stim5,37,mua,1485,207.90493184,7.142687702775758,28.90835579514825,1.2201094061874698,16,300,3.6975468203089585,,
sub-20171120-NTS-1,stim5,38,mua,455,207.90493184,2.1885002725676563,36.56387665198238,1.3296982091905354,16,300,6.844483492716622,,
sub-20171120-NTS-1,stim5,39,mua,1186,207.90493184,5.704530380802726,6.4978902953586495,1.267218637939925,16,300,5.349323679354009,,
sub-20171120-NTS-1,stim5,43,mua,236,207.90493184,1.1351342073098174,27.659574468085108,1.1608023890383914,25,236,16.474522937935042,,
sub-20171120-NTS-1,stim5,44,good,77,207.90493184,0.3703615845883726,2.631578947368421,1.6115577481183008,25,77,8.132646717217332,1.5781569373538833,1.0
sub-20171120-NTS-1,stim5,45,mua,368,207.90493184,1.7700397808898847,7.629427792915531,1.1668057492888892,25,300,6.268056969057879,,
sub-20171120-NTS-1,stim5,46,mua,329,207.90493184,1.5824540432412284,4.2682926829268295,1.201050645590625,25,300,7.25584712460862,,
sub-20171120-NTS-1,stim5,47,mua,1212,207.90493184,5.829587539235164,15.2766308835673,1.156375288417361,24,300,4.2432852037185835,,
sub-20171120-NTS-1,stim5,48,mua,1726,207.90493184,8.301871363630275,9.391304347826086,1.061463114441515,24,300,6.920144893365083,,
sub-20171120-NTS-1,stim5,49,mua,1732,207.90493184,8.330730707883914,4.15944540727903,0.8186774357353918,24,300,12.506094615885667,,
sub-20171120-NTS-1,stim5,50,mua,3998,207.90493184,19.229943054341735,0.42531898924193146,0.3558819619535709,25,300,14.772625269817285,,
sub-20171120-NTS-1,stim5,51,mua,2209,207.90493184,10.625048576048249,11.77536231884058,1.0312774644022846,26,300,5.059984876412163,,
sub-20171120-NTS-1,stim5,52,mua,2727,207.90493184,13.11657196327912,1.3939838591342628,0.4981648143280399,26,300,4.689947339960719,,
sub-20171120-NTS-1,stim5,54,mua,278,207.90493184,1.3371496170852935,19.494584837545126,1.484163615579241,24,278,15.468343060422173,,
sub-20171120-NTS-1,stim5,55,mua,306,207.90493184,1.4718265569356106,9.836065573770492,1.3182739817038438,27,300,5.582358868124083,,
sub-20171120-NTS-1,stim5,56,mua,1064,207.90493184,5.117723714312058,5.174035747883349,1.1535936599693712,27,300,9.6197554307405,,
sub-20171120-NTS-1,stim5,57,mua,1012,207.90493184,4.867609397447183,9.495548961424333,1.2104374791836405,26,300,5.458180266379925,,
sub-20171120-NTS-1,stim5,59,mua,2725,207.90493184,13.106952181861239,1.6519823788546255,0.7368274081335427,28,300,3.3692363808201202,,
sub-20171120-NTS-1,stim7,30,mua,5347,996.8801792,5.363733888551167,7.949869060980172,1.148248238169258,8,300,3.69462787319981,,
sub-20171120-NTS-1,stim7,32,mua,879,996.8801792,0.8817509048132551,12.52847380410023,1.2583774659854507,8,300,3.2307113823102447,,
sub-20171120-NTS-1,stim7,61,mua,8330,996.8801792,8.356069439242793,5.630928082602953,0.9960232204453044,16,300,4.724101577037911,,
sub-20171120-NTS-1,stim7,62,mua,3303,996.8801792,3.313337017745372,6.723198061780739,1.2031902917819888,17,300,4.2643854330438815,,
sub-20171120-NTS-1,stim7,63,mua,9753,996.8801792,9.783522838047414,13.62797374897457,0.9701205947374598,16,300,6.890685215175498,,
sub-20171120-NTS-1,stim7,64,mua,16925,996.8801792,16.97796821838947,13.389269676199481,0.7864748274433844,17,300,5.9688936425820724,,
sub-20171120-NTS-1,stim7,65,good,2076,996.8801792,2.082497017511169,0.2891566265060241,1.277990287868201,19,300,9.973363766244486,2.1876854100469036,1.0
sub-20171120-NTS-1,stim7,67,mua,7209,996.8801792,7.231561174970144,18.049389567147614,1.2476750953260465,18,300,6.054243028563715,,
sub-20171120-NTS-1,stim7,68,mua,5314,996.8801792,5.330630612261249,7.491059664972709,0.7885481393399062,18,300,9.745377912349937,,
sub-20171120-NTS-1,stim7,69,mua,2483,996.8801792,2.490770758420151,7.413376309427881,1.3135770541700404,18,300,4.336217151367071,,
sub-20171120-NTS-1,stim7,71,good,308,996.8801792,0.30896391203922935,0.0,1.3022900421811108,17,300,7.13845566655745,2.399556801591761,1.0
sub-20171120-NTS-1,stim7,74,mua,167,996.8801792,0.16752264061867306,0.0,0.8777699052133789,17,167,12.629128860230184,,
sub-20171120-NTS-1,stim7,75,mua,5024,996.8801792,5.039723032743793,17.06151702170018,1.2668290873690649,19,300,4.276367353692322,,
sub-20171120-NTS-1,stim7,77,mua,5297,996.8801792,5.313577409324019,23.678247734138974,1.251412127055678,18,300,5.953483093636382,,
sub-20171120-NTS-1,stim7,78,mua,2244,996.8801792,2.251022787714385,7.935800267498886,1.1145579229548057,20,300,3.0970423051350195,,
sub-20171120-NTS-1,stim7,79,mua,10849,996.8801792,10.88295286270649,6.8584070796460175,0.9088748485822985,25,300,3.479200360747501,,
sub-20171120-NTS-1,stim7,80,mua,475,996.8801792,0.4764865526579024,5.274261603375527,1.1735870077554411,25,300,12.42627437075601,,
sub-20171120-NTS-1,stim7,81,good,1050,996.8801792,1.0532860637701,2.3832221163012393,1.1623612399205048,24,300,12.89520915540481,1.824306266855236,1.0
sub-20171120-NTS-1,stim7,82,mua,2677,996.8801792,2.6853778978214837,1.9431988041853512,0.7057841961806334,24,300,6.906308359673072,,
sub-20171120-NTS-1,stim7,83,mua,9846,996.8801792,9.87681388940991,20.924327069578467,1.2181454927757494,25,300,6.279653334140748,,
sub-20171120-NTS-1,stim7,84,mua,999,996.8801792,1.0021264549584095,10.420841683366733,1.2094653592421991,25,300,5.837076457669287,,
sub-20171120-NTS-1,stim7,87,mua,2532,996.8801792,2.5399241080627557,2.7657052548399843,1.0486240877647002,24,300,8.902348773840302,,
sub-20171120-NTS-1,stim7,88,good,189,996.8801792,0.189591491478618,9.042553191489363,1.3561735863791233,16,189,10.94219326916273,0.936464683338183,0.0
sub-20171120-NTS-1,stim7,89,mua,1350,996.8801792,1.3542249391329857,7.561156412157153,1.5035280589772322,25,300,16.35577561663939,,
sub-20171120-NTS-1,stim7,90,mua,2835,996.8801792,2.8438723721792702,7.127734650670431,0.8412729689983072,18,300,5.881000627350565,,
sub-20171120-NTS-1,stim7,91,mua,4769,996.8801792,4.78392498868534,12.01761744966443,1.1767198427269687,24,300,6.232966820547978,,
sub-20171120-NTS-1,stim7,92,mua,5755,996.8801792,5.773010759044691,14.320472714633297,1.0533238919183319,24,300,10.493412066409386,,
sub-20171120-NTS-1,stim7,93,mua,419,996.8801792,0.4203112959234971,26.794258373205743,1.2930900377304828,16,300,5.1034082009731,,
sub-20171120-NTS-1,stim7,94,mua,2101,996.8801792,2.107575257124743,11.714285714285715,1.1870195654820976,27,300,5.224019579072713,,
sub-20171120-NTS-1,stim7,96,good,1016,996.8801792,1.0191796578956396,2.0689655172413794,1.1598429154111682,27,300,9.91766646872822,1.288045208492353,1.0
sub-20171120-NTS-1,stim7,98,mua,621,996.8801792,0.6229434720011735,15.0,1.357176238227579,27,300,11.607156599499266,,
sub-20171120-NTS-1,stim7,99,mua,3699,996.8801792,3.710576333224381,10.32990805840995,1.1765297830385424,27,300,9.418944267624726,,
sub-20171120-NTS-1,stim7,100,mua,340,996.8801792,0.3410640587446038,5.014749262536873,1.1360823286247907,27,300,6.07943248060261,,
sub-20171120-NTS-1,stim7,101,mua,1660,996.8801792,1.665195110341301,12.356841470765522,1.2465161578819717,26,300,6.189207499854042,,
sub-20171120-NTS-1,stim7,102,mua,785,996.8801792,0.7874567238662177,8.035714285714286,1.1733896636105101,26,300,8.495496446665474,,
sub-20171120-NTS-1,stim7,103,mua,3508,996.8801792,3.5189785825766773,3.2791559737667524,0.9271746747977873,26,300,4.441029299872869,,
sub-20171120-NTS-1,stim7,107,mua,3273,996.8801792,3.283243130209083,15.28117359413203,1.1813491129899374,27,300,5.224187623487515,,
sub-20171120-NTS-1,stim7,108,mua,9346,996.8801792,9.375249097138433,5.500267522739433,0.9380940686822697,29,300,4.21632980829621,,
sub-20171120-NTS-1,stim7,109,mua,839,996.8801792,0.8416257214315371,2.5059665871121717,1.1497290958508466,28,300,5.047954381063726,,
sub-20171120-NTS-1,stim7,110,mua,1056,996.8801792,1.0593048412773578,1.042654028436019,1.1514958571281297,28,300,5.243701170848977,,
sub-20171120-NTS-1,stim7,111,mua,3528,996.8801792,3.539041174267536,0.8789339381910972,1.097618232613073,28,300,6.242464934833462,,
sub-20171120-NTS-1,stim7,112,mua,691,996.8801792,0.6931625429191801,8.840579710144928,1.359394226769481,28,300,11.289784483850028,,
sub-20171120-NTS-1,stim7,113,mua,877,996.8801792,0.8797446456441693,20.54794520547945,1.1888320532626804,28,300,9.712717552730064,,
sub-20171120-NTS-1,stim7,114,mua,11982,996.8801792,12.019498681993657,6.877556130540022,0.9671929736037521,28,300,4.430924532389021,,
sub-20171120-NTS-1,stim7,115,mua,7978,996.8801792,8.002967825483674,36.96878525761564,1.6605461020755556,30,300,5.317581635796795,,
sub-20171120-NTS-1,stim7,117,mua,7255,996.8801792,7.27770513585912,9.456851392335263,1.113604555034593,30,300,4.694924932711908,,
sub-20171120-NTS-1,stim7,118,mua,9770,996.8801792,9.800576040984645,8.81359402190603,1.0492035983164314,30,300,4.896346220853103,,
sub-20171206-NTS-2,stim10,0,mua,3229,460.05956608,7.0186563612036865,2.478314745972739,1.1186560449585554,0,300,5.992702130234502,,
sub-20171206-NTS-2,stim10,1,good,577,460.05956608,1.254185419762938,2.083333333333333,1.56939728481519,1,300,11.269468245740967,0.9072051760063604,1.0
sub-20171206-NTS-2,stim10,2,good,7749,460.05956608,16.84347108794282,2.013422818791946,0.8996008820326642,0,300,4.09947531504103,1.0856794397095308,1.0
sub-20171206-NTS-2,stim10,3,good,10638,460.05956608,23.12309271306436,0.04700573469963335,0.49455800034588443,1,300,12.244853387031815,1.8600927666556175,1.0
sub-20171206-NTS-2,stim10,4,mua,3025,460.05956608,6.575235519554398,3.902116402116402,0.9446873905200213,3,300,3.88999577642879,,
sub-20171206-NTS-2,stim10,5,good,1159,460.05956608,2.5192389974094374,11.917098445595855,1.2722186920833525,2,300,7.735927152288975,0.5548003227313724,0.0
sub-20171206-NTS-2,stim10,6,good,63,460.05956608,0.13693878933286846,0.0,1.3060575158057255,3,63,6.807388617726658,0.522707578801015,1.0
sub-20171206-NTS-2,stim10,7,mua,3985,460.05956608,8.661921833198107,5.346385542168674,1.07273212385505,2,300,3.7966952104622838,,
sub-20171206-NTS-2,stim10,8,mua,1706,460.05956608,3.7082154698710093,3.1085043988269794,1.0570788859451947,2,300,3.6176816170360624,,
sub-20171206-NTS-2,stim10,9,mua,2269,460.05956608,4.931970047559977,4.012345679012346,0.9339889006514887,7,300,3.1176548244675817,,
sub-20171206-NTS-2,stim10,10,mua,1395,460.05956608,3.032216049513516,4.088952654232425,1.0591211486981758,8,300,3.0736538614404063,,
sub-20171206-NTS-2,stim10,11,mua,2359,460.05956608,5.127596889464074,2.2900763358778624,0.7227080880092873,8,300,7.422434539847184,,
sub-20171206-NTS-2,stim10,12,mua,5573,460.05956608,12.113648777017078,12.275664034458005,1.1325226366000178,8,300,4.034277498671455,,
sub-20171206-NTS-2,stim10,13,good,943,460.05956608,2.0497345768396027,2.4416135881104037,1.0087457802745097,9,300,7.236528604362548,0.8825845986812313,1.0
sub-20171206-NTS-2,stim10,14,mua,63,460.05956608,0.13693878933286846,0.0,1.1666475611753517,10,63,9.005651261400134,,
sub-20171206-NTS-2,stim10,15,good,347,460.05956608,0.7542501571191327,67.05202312138728,1.0299044022173673,11,300,6.039915165001379,0.8590508944735582,0.0
sub-20171206-NTS-2,stim10,16,mua,653,460.05956608,1.4193814195930652,11.196319018404909,1.228186699811779,10,300,3.491651552403158,,
sub-20171206-NTS-2,stim10,17,mua,6190,460.05956608,13.454779459848504,4.782678946518016,0.9101569973833963,10,300,3.8660910941640645,,
sub-20171206-NTS-2,stim10,18,good,708,460.05956608,1.538931156312236,4.667609618104668,1.1179509961543068,12,300,3.276715707318726,0.5188353092188717,1.0
sub-20171206-NTS-2,stim10,19,mua,2931,460.05956608,6.3709141513434515,0.5119453924914675,0.6701246117530296,15,300,2.8021642992306766,,
sub-20171206-NTS-2,stim10,20,mua,1132,460.05956608,2.4605509448382077,6.012378426171529,1.1455083460514544,28,300,3.9238270581244397,,
sub-20171206-NTS-2,stim10,21,mua,24,460.05956608,0.05216715784109275,34.78260869565217,1.3047897705464537,22,24,61.08934233594102,,
sub-20171206-NTS-2,stim10,22,mua,5500,460.05956608,11.954973671917088,3.709765411893071,0.7801850828072906,21,300,3.937005431558591,,
sub-20171206-NTS-2,stim10,23,mua,5338,460.05956608,11.602845356489711,0.5246393104740491,0.8131147136875007,20,300,6.252310951029719,,
sub-20171206-NTS-2,stim10,24,mua,542,460.05956608,1.1781083145780111,6.654343807763401,1.1308644599759494,20,300,3.0331709075900553,,
sub-20171206-NTS-2,stim10,25,mua,31,460.05956608,0.06738257887807814,0.0,0.9571876916765841,10,31,10.324539165689172,,
sub-20171206-NTS-2,stim10,26,mua,43,460.05956608,0.09346615779862451,23.809523809523807,1.2447984929535754,22,43,29.209751882021106,,
sub-20171206-NTS-2,stim10,27,mua,1327,460.05956608,2.8844091022970866,6.561085972850679,1.1833799463293175,28,300,3.3948292581207293,,
sub-20171206-NTS-2,stim10,28,mua,2012,460.05956608,4.373346732344942,9.348582794629538,1.1520413858546976,28,300,5.5602605395163565,,
sub-20171206-NTS-2,stim11,0,good,9126,855.24811776,10.670587646427233,2.4876712328767123,0.933851942716397,0,300,3.542725953764183,0.7998400961553065,1.0
sub-20171206-NTS-2,stim11,1,mua,7451,855.24811776,8.712091667053398,1.3288590604026846,1.1766431673894948,0,300,5.502645630350696,,
sub-20171206-NTS-2,stim11,2,good,1094,855.24811776,1.2791609560805823,9.149130832570906,1.279885694949025,0,300,10.846326335030476,0.8189125889088413,0.0
sub-20171206-NTS-2,stim11,3,good,2084,855.24811776,2.436719773740341,2.160345655304849,1.332497910245806,1,300,10.587591747768673,0.9597180174625451,1.0
sub-20171206-NTS-2,stim11,4,mua,2531,855.24811776,2.959375118683687,0.6719367588932806,1.1137739496295629,0,300,3.1297266757802644,,
sub-20171206-NTS-2,stim11,5,good,29977,855.24811776,35.05064714847131,0.4470242860955431,0.4597608121509424,1,300,9.72660719054425,2.325527466642211,1.0
sub-20171206-NTS-2,stim11,6,mua,1406,855.24811776,1.6439673713430518,1.0676156583629894,1.0797398556729267,2,300,4.862631030420985,,
sub-20171206-NTS-2,stim11,7,mua,6985,855.24811776,8.167220546821634,1.245704467353952,0.7560824398262032,3,300,3.5802629847244885,,
sub-20171206-NTS-2,stim11,8,good,31240,855.24811776,36.52741157948573,3.4092000384135215,0.6491500153990641,2,300,3.8656798385994273,0.7760869922260654,1.0
sub-20171206-NTS-2,stim11,9,good,1140,855.24811776,1.332946517305177,20.456540825285337,1.2164202090919438,2,300,6.142287123453012,0.5050535314064654,0.0
sub-20171206-NTS-2,stim11,10,mua,704,855.24811776,0.8231529370024954,1.422475106685633,1.134994877858639,2,300,3.5891659992591904,,
sub-20171206-NTS-2,stim11,11,mua,782,855.24811776,0.9143545408181127,6.017925736235595,1.3261286364547447,3,300,3.2682777724394225,,
sub-20171206-NTS-2,stim11,12,good,859,855.24811776,1.0043868933027607,0.6993006993006993,1.328032142197534,2,300,7.342261626273911,0.6045198252857766,1.0
sub-20171206-NTS-2,stim11,13,mua,4368,855.24811776,5.107289813674574,2.3356995649187082,0.9025101410694113,4,300,2.7698587022001084,,
sub-20171206-NTS-2,stim11,14,mua,4339,855.24811776,5.073381525076459,5.624711848778239,1.1085808691148653,9,300,4.439398851387144,,
sub-20171206-NTS-2,stim11,15,mua,2875,855.24811776,3.361597576537179,0.9394572025052191,0.9769943307331713,8,300,3.3707662361486483,,
sub-20171206-NTS-2,stim11,16,good,2085,855.24811776,2.4378890250713106,2.831094049904031,0.976944138700452,9,300,7.333545038257881,0.8804127016602112,1.0
sub-20171206-NTS-2,stim11,17,mua,1106,855.24811776,1.2931919720522156,1.9004524886877827,1.2148227659225075,9,300,4.134809254485786,,
sub-20171206-NTS-2,stim11,18,mua,856,855.24811776,1.0008791393098522,2.1052631578947367,1.117657216066708,8,300,4.885475112109015,,
sub-20171206-NTS-2,stim11,19,good,2672,855.24811776,3.12423955635038,1.57244477723699,0.9951601413807674,8,300,7.371786391853003,1.153124157203825,1.0
sub-20171206-NTS-2,stim11,20,good,843,855.24811776,0.9856788720072494,18.171021377672208,1.3728460273453928,8,300,8.085751857369784,1.3529374574524213,0.0
sub-20171206-NTS-2,stim11,21,mua,9283,855.24811776,10.854160105389438,7.401422107304461,1.0904268945423312,8,300,4.3471368881984205,,
sub-20171206-NTS-2,stim11,22,mua,295,855.24811776,0.3449291426359888,0.0,1.0509421260340603,10,295,6.594035709744149,,
sub-20171206-NTS-2,stim11,23,good,16360,855.24811776,19.128951774660262,0.5623815636652607,0.6996608832208241,10,300,7.413103452411966,1.155543543066809,1.0
sub-20171206-NTS-2,stim11,24,good,655,855.24811776,0.7658596217849921,9.480122324159021,1.2741324441445627,10,300,4.327615687540912,0.9694229661974538,0.0
sub-20171206-NTS-2,stim11,25,mua,369,855.24811776,0.4314537411277284,6.521739130434782,1.1702057484598365,10,300,3.9742270821797985,,
sub-20171206-NTS-2,stim11,26,good,342,855.24811776,0.3998839551915531,33.724340175953074,0.9238834767681562,11,300,4.706348563701084,0.7389593653025283,0.0
sub-20171206-NTS-2,stim11,27,good,1078,855.24811776,1.260452934785071,0.2785515320334262,1.2060959164342977,10,300,3.4637792436921835,1.0027100594781528,1.0
sub-20171206-NTS-2,stim11,28,good,134,855.24811776,0.1566796783499068,0.0,1.5072602586576893,10,134,13.216919125952716,0.9742701576464046,1.0
sub-20171206-NTS-2,stim11,29,good,6547,855.24811776,7.6550884638570125,6.110601894286587,1.0503663119822315,10,300,4.137121292659473,0.8783859181159612,0.0
sub-20171206-NTS-2,stim11,30,mua,745,855.24811776,0.871092241572243,4.032258064516129,1.0234859996349728,12,300,2.8620014259762736,,
sub-20171206-NTS-2,stim11,31,mua,1551,855.24811776,1.8135088143336224,0.3225806451612903,0.8452919103828812,15,300,3.106958484385454,,
sub-20171206-NTS-2,stim11,32,good,3259,855.24811776,3.8105900876294494,10.374462860650706,1.1501334292486802,28,300,3.758627792964681,0.4623261899735154,0.0
sub-20171206-NTS-2,stim11,34,mua,10833,855.24811776,12.66649966839209,0.6093057607090103,0.7515472877376319,20,300,5.982442682138298,,
sub-20171206-NTS-2,stim11,35,mua,1075,855.24811776,1.2569451807921626,9.683426443202979,1.267891166829582,20,300,4.386249847074426,,
sub-20171206-NTS-2,stim11,36,mua,14045,855.24811776,16.422134943465977,3.3822272856735975,0.7476410041544436,21,300,4.054959088879467,,
sub-20171206-NTS-2,stim11,37,mua,1525,855.24811776,1.7831082797284168,0.9186351706036745,1.029749608845198,20,300,5.309393417702618,,
sub-20171206-NTS-2,stim11,39,mua,117,855.24811776,0.13680240572342606,5.172413793103448,0.9595688560764137,28,117,4.8703918200861365,,
sub-20171206-NTS-2,stim11,40,mua,2793,855.24811776,3.265718967397684,6.339541547277936,1.2125353005480586,26,300,3.494563031598024,,
sub-20171206-NTS-2,stim11,41,mua,2067,855.24811776,2.4168425011138606,8.228460793804453,1.1002923116878969,10,300,3.328736526351799,,
sub-20171206-NTS-2,stim11,42,good,4382,855.24811776,5.123659332308145,14.74549189682721,1.2232559558560998,28,300,4.41431033781018,0.5250284748699557,0.0
sub-20171206-NTS-2,stim15,0,good,10151,843.35181824,12.036495067010387,0.3251231527093596,0.6877112833477674,0,300,4.215597091468898,0.565962713532457,1.0
sub-20171206-NTS-2,stim15,1,mua,2234,843.35181824,2.648953795655719,0.9852216748768473,1.1652890438267336,0,300,3.0802131698193937,,
sub-20171206-NTS-2,stim15,2,good,189,843.35181824,0.22410575979361277,4.25531914893617,1.1158968125914406,3,189,5.4048380260407525,0.8660798684417069,1.0
sub-20171206-NTS-2,stim15,3,mua,520,843.35181824,0.6165872756226383,0.3853564547206166,0.9305349057436422,2,300,4.110970773082424,,
sub-20171206-NTS-2,stim15,4,good,2282,843.35181824,2.705869544174732,4.515563349408154,1.0619635901931266,3,300,5.5506737466517695,0.44948355757921765,1.0
sub-20171206-NTS-2,stim15,5,mua,14778,843.35181824,17.522936075291057,6.956757122555322,0.9707233080118581,2,300,6.449956557286528,,
sub-20171206-NTS-2,stim15,6,good,13413,843.35181824,15.90439447678163,0.35788845809722636,0.6251972275008545,3,300,9.114146168960474,1.204559633938765,1.0
sub-20171206-NTS-2,stim15,7,good,10442,843.35181824,12.381546792406903,0.651278613159659,0.6050463663364484,4,300,3.3653461834317806,0.6618099181498991,1.0
sub-20171206-NTS-2,stim15,9,mua,1276,843.35181824,1.5130103147970893,1.5686274509803921,1.1159956273159064,4,300,2.9872537904719287,,
sub-20171206-NTS-2,stim15,10,good,1044,843.35181824,1.2379175302885277,0.0,1.3085683106623205,4,300,7.117750232175952,1.054546984119947,1.0
sub-20171206-NTS-2,stim15,12,good,1749,843.35181824,2.0738675866615277,0.6292906178489702,1.327264534824909,4,300,4.671644032527356,0.7009239513980224,1.0
sub-20171206-NTS-2,stim15,13,mua,1097,843.35181824,1.3007620026116042,2.4635036496350367,1.1723176081075704,4,300,2.8026332964217975,,
sub-20171206-NTS-2,stim15,14,mua,242,843.35181824,0.28695023211668935,0.0,0.9866046185626464,9,242,4.205629570565289,,
sub-20171206-NTS-2,stim15,15,good,656,843.35181824,0.7778485630931745,2.4427480916030535,1.061220843435741,9,300,4.7023412159865074,0.755951754325035,1.0
sub-20171206-NTS-2,stim15,16,mua,943,843.35181824,1.1181573094464383,2.1231422505307855,0.992503612563254,8,300,3.2221729168976974,,
sub-20171206-NTS-2,stim15,17,good,287,843.35181824,0.3403087463532638,0.34965034965034963,1.1344983593577809,9,287,7.910734087667136,1.2938049880714977,1.0
sub-20171206-NTS-2,stim15,18,good,235,843.35181824,0.278650018791,5.128205128205128,1.155056154555075,9,235,6.400363773662646,0.7600692654465668,0.0
sub-20171206-NTS-2,stim15,19,good,4686,843.35181824,5.556399949168621,2.3265741728922094,0.8796156176437563,8,300,10.446565455607155,1.6043561867293306,1.0
sub-20171206-NTS-2,stim15,20,mua,162,843.35181824,0.19209065125166808,0.6211180124223602,1.1426985349003367,8,162,25.64551214447755,,
sub-20171206-NTS-2,stim15,21,mua,8428,843.35181824,9.993456844129991,1.851192595229619,1.0660777341495713,10,300,5.558396131573136,,
sub-20171206-NTS-2,stim15,22,mua,1953,843.35181824,2.315759517867332,0.819672131147541,1.016070501149224,10,300,5.418793408878717,,
sub-20171206-NTS-2,stim15,23,mua,7026,843.35181824,8.331042689470493,0.4555160142348754,0.7609667387223747,10,300,3.62262905912637,,
sub-20171206-NTS-2,stim15,24,good,85,843.35181824,0.1007883046690851,41.66666666666667,1.5232296557783753,11,85,12.059269411744058,1.6063851215242646,0.0
sub-20171206-NTS-2,stim15,26,good,980,843.35181824,1.1620298655965107,11.133810010214505,1.259480677125995,10,300,7.231058009804434,0.792337570595156,0.0
sub-20171206-NTS-2,stim15,27,mua,448,843.35181824,0.5312136528441191,0.6711409395973155,1.0585870060320248,11,300,6.4792329869787295,,
sub-20171206-NTS-2,stim15,28,good,327,843.35181824,0.38773853678577447,0.3067484662576687,1.1052242899473343,11,300,13.947375182986926,1.303355211388982,1.0
sub-20171206-NTS-2,stim15,29,good,1098,843.35181824,1.301947747372417,0.5469462169553327,1.0086009769760815,11,300,7.097604139998984,1.0146774460232977,1.0
sub-20171206-NTS-2,stim15,30,good,1723,843.35181824,2.0430382228803956,1.1614401858304297,0.9724042728552827,9,300,7.423582199501182,1.1901265865882311,1.0
sub-20171206-NTS-2,stim15,31,mua,67,843.35181824,0.07944489897445532,0.0,0.9509136396272317,8,67,23.583623114376522,,
sub-20171206-NTS-2,stim15,32,good,93,843.35181824,0.11027426275558723,14.130434782608695,1.2759284591876472,11,93,11.241814777325628,1.3252856555752919,0.0
sub-20171206-NTS-2,stim15,33,good,666,843.35181824,0.7897060107013021,14.285714285714285,1.4547507808562985,10,300,29.934995694258454,2.684805355270766,0.0
sub-20171206-NTS-2,stim15,34,good,2579,843.35181824,3.0580357381361236,0.0,0.8412451702873451,11,300,10.143154042042307,2.8103347804528824,1.0
sub-20171206-NTS-2,stim15,35,good,3770,843.35181824,4.470257748264127,10.32104006367737,1.4046148414666115,10,300,25.644739980867218,2.782853695605827,0.0
sub-20171206-NTS-2,stim15,36,good,875,843.35181824,1.0375266657111701,14.302059496567507,1.3863574584405938,13,300,3.4973009148512153,0.7503849171069926,0.0
sub-20171206-NTS-2,stim15,37,good,2423,843.35181824,2.873059555449332,1.2799339388934765,0.7097477271082038,12,300,4.6479440871622115,0.4670970673381785,1.0
sub-20171206-NTS-2,stim15,38,good,7557,843.35181824,8.960673157462072,0.15881418740074113,0.6334508371527441,15,300,3.92640496864067,0.6600807591467482,1.0
sub-20171206-NTS-2,stim15,39,mua,3730,843.35181824,4.422827957831617,1.0190399570930546,1.0034893372092508,17,300,4.147009253670569,,
sub-20171206-NTS-2,stim15,40,mua,3585,843.35181824,4.250894967513766,0.6138392857142857,0.9118543578011467,17,300,3.877886622339853,,
sub-20171206-NTS-2,stim15,41,good,52794,843.35181824,62.600208902349166,1.502093080522039,0.3074728567966372,20,300,4.513344600510534,0.8664787437622964,1.0
sub-20171206-NTS-2,stim15,42,mua,601,843.35181824,0.7126326012484724,6.666666666666667,1.1361225772053745,20,300,2.8081172318773655,,
sub-20171206-NTS-2,stim15,43,good,8397,843.35181824,9.956698756544796,0.7622677465459743,0.8441409836453443,21,300,9.477622189299064,0.9935348507337515,1.0
sub-20171206-NTS-2,stim15,46,mua,2899,843.35181824,3.4374740615962085,1.828847481021394,1.0508978488024314,26,300,3.594252070556864,,
sub-20171206-NTS-2,stim15,47,good,1964,843.35181824,2.3288027102362725,1.4263881813550687,1.0388477886515546,28,300,3.7917614103769903,0.702385213436246,1.0
sub-20171206-NTS-2,stim15,49,mua,6551,843.35181824,7.76781392808443,10.412213740458014,1.1027072071005006,5,300,4.631615826260642,,
sub-20171206-NTS-2,stim16,0,good,2891,188.58389504,15.330047135715372,0.27681660899653976,0.5987409905809826,0,300,4.549170672724112,0.6111096097120242,1.0
sub-20171206-NTS-2,stim16,1,mua,232,188.58389504,1.2302217002718665,0.8658008658008658,1.3710634887703674,0,232,3.250077236468156,,
sub-20171206-NTS-2,stim16,2,mua,2721,188.58389504,14.428591579481676,13.455882352941176,0.9220606466577201,0,300,5.437307252462141,,
sub-20171206-NTS-2,stim16,3,good,1989,188.58389504,10.547030007934236,1.710261569416499,0.8641703622326404,3,300,10.553238057729011,1.3548246125738785,1.0
sub-20171206-NTS-2,stim16,4,mua,3292,188.58389504,17.45642171247838,1.6408386508659982,0.5928721912903291,4,300,3.756992854811826,,
sub-20171206-NTS-2,stim16,5,good,256,188.58389504,1.357486014093094,0.0,1.2209104807964477,4,256,7.504305044713262,0.8529558793834078,1.0
sub-20171206-NTS-2,stim16,6,good,435,188.58389504,2.30666568800975,0.6912442396313364,1.2888270677121811,4,300,4.252452019230741,0.7465020343836706,1.0
sub-20171206-NTS-2,stim16,7,mua,1428,188.58389504,7.5722266723630405,13.384723195515067,1.1653975743981584,5,300,4.915746124628036,,
sub-20171206-NTS-2,stim16,8,mua,185,188.58389504,0.9809957523719626,2.1739130434782608,1.1676761112654646,4,185,3.323830515099522,,
sub-20171206-NTS-2,stim16,9,good,233,188.58389504,1.2355243800144178,0.8620689655172413,1.0844194799970264,9,233,4.773135397299285,0.7661430159405362,1.0
sub-20171206-NTS-2,stim16,10,good,82,188.58389504,0.4348197388891942,0.0,0.8195966954061656,9,82,6.210758523122193,1.8038004282264348,1.0
sub-20171206-NTS-2,stim16,11,good,1641,188.58389504,8.701697457526436,2.195121951219512,0.800294679886398,8,300,9.94164046868383,1.7978296995839758,1.0
sub-20171206-NTS-2,stim16,12,mua,1802,188.58389504,9.55542889607717,5.052748473070516,1.1247864222407629,10,300,6.439276090972807,,
sub-20171206-NTS-2,stim16,13,good,426,188.58389504,2.2589415703267894,3.058823529411765,1.0778317726073945,10,300,7.1470908331858425,0.7342380959664603,1.0
sub-20171206-NTS-2,stim16,14,good,265,188.58389504,1.4052101317760544,12.5,1.5064613799403233,10,265,30.928359529444208,2.6595679828595573,0.0
sub-20171206-NTS-2,stim16,15,mua,771,188.58389504,4.088366081506936,0.0,0.78490453410935,11,300,10.718290929674048,,
sub-20171206-NTS-2,stim16,16,good,162,188.58389504,0.8590341182932861,1.2422360248447204,1.0611724519602619,10,162,3.43649451512825,0.7160985745967436,1.0
sub-20171206-NTS-2,stim16,17,mua,279,188.58389504,1.4794476481717704,0.3597122302158274,0.7245119712909268,11,279,15.897446088413094,,
sub-20171206-NTS-2,stim16,18,good,845,188.58389504,4.480764382455721,10.308056872037914,1.4032120095360845,10,300,26.212925067702095,2.8755036558222153,0.0
sub-20171206-NTS-2,stim16,19,mua,291,188.58389504,1.5430798050823844,3.4482758620689653,1.095184493234309,11,291,6.195739830246555,,
sub-20171206-NTS-2,stim16,20,mua,72,188.58389504,0.3817929414636827,1.4084507042253522,0.9933527760437443,11,72,13.111282802052386,,
sub-20171206-NTS-2,stim16,21,mua,1769,188.58389504,9.380440464572983,1.6402714932126699,0.6137497243863517,12,300,4.992890193964185,,
sub-20171206-NTS-2,stim16,22,mua,1762,188.58389504,9.343321706375125,2.1010789324247585,0.6872141796357104,15,300,3.861065474415942,,
sub-20171206-NTS-2,stim16,23,mua,1075,188.58389504,5.700380723242485,1.1173184357541899,0.8293560755144821,17,300,4.779020211254744,,
sub-20171206-NTS-2,stim16,25,mua,2480,188.58389504,13.15064576152685,0.8471157724889069,0.740555350615043,21,300,8.653069834937703,,
sub-20171206-NTS-2,stim16,26,mua,10263,188.58389504,54.42140219780244,0.9354901578639642,0.27176310159022626,20,300,4.625297445070968,,
sub-20171206-NTS-2,stim16,27,mua,59,188.58389504,0.3128581048105178,0.0,0.9930206937305205,15,59,5.565298052431914,,
sub-20171206-NTS-2,stim16,28,mua,571,188.58389504,3.027830132996706,2.1052631578947367,1.060790239430526,26,300,3.337369978337497,,
sub-20171206-NTS-2,stim16,29,mua,604,188.58389504,3.2028185645008937,1.4925373134328357,0.9940485042146725,28,300,3.833614551919005,,
sub-20171206-NTS-2,stim17,0,mua,2600,844.33207296,3.079357143078911,1.115813774528665,0.997074676987957,2,300,2.8507079727132,,
sub-20171206-NTS-2,stim17,1,mua,4600,844.33207296,5.448093406985765,1.6307893020221786,0.96951763116219,0,300,3.759672770014037,,
sub-20171206-NTS-2,stim17,2,mua,6699,844.33207296,7.934082115956008,3.090474768587638,0.9119242075348436,2,300,4.917150732680069,,
sub-20171206-NTS-2,stim17,3,good,2601,844.33207296,3.080541511210864,0.4230769230769231,0.9846015030384448,3,300,2.9886397051081133,0.7383184473945938,1.0
sub-20171206-NTS-2,stim17,4,mua,1158,844.33207296,1.3714982968020686,0.25929127052722556,0.9271072513563987,3,300,5.237040438559116,,
sub-20171206-NTS-2,stim17,5,mua,3951,844.33207296,4.679438489347991,3.2911392405063293,0.9880507199642647,3,300,6.922322271549619,,
sub-20171206-NTS-2,stim17,6,good,276,844.33207296,0.3268856044191459,0.0,1.3102609164978531,3,276,14.875595537752977,1.8395612152627085,1.0
sub-20171206-NTS-2,stim17,7,mua,2428,844.33207296,2.875645824382921,0.7416563658838072,0.9657987556838852,2,300,3.1331878428320312,,
sub-20171206-NTS-2,stim17,8,mua,821,844.33207296,0.9723662363337637,0.0,0.9046825629293879,3,300,7.842406658434681,,
sub-20171206-NTS-2,stim17,9,good,1986,844.33207296,2.3521551100595066,0.0,0.6604375821233275,2,300,9.871848580087947,1.186472765815874,1.0
sub-20171206-NTS-2,stim17,10,good,364,844.33207296,0.4311100000310475,0.5509641873278237,1.0393864682524154,5,300,35.340933228422614,6.41480697186621,1.0
sub-20171206-NTS-2,stim17,11,good,34,844.33207296,0.04026851648641652,9.090909090909092,1.2144293515626785,7,34,8.326119882171994,1.3009500469357511,0.0
sub-20171206-NTS-2,stim17,12,mua,740,844.33207296,0.8764324176455361,4.465493910690121,1.1925014606442184,5,300,28.841376918777115,,
sub-20171206-NTS-2,stim17,13,good,978,844.33207296,1.1583120330504517,1.9447287615148412,1.4253002006850903,5,300,10.589659089855484,1.317494493330073,1.0
sub-20171206-NTS-2,stim17,14,good,2970,844.33207296,3.517573351901679,0.47153923880094306,1.1178252891751261,4,300,3.7980917753846444,0.7690287463781413,1.0
sub-20171206-NTS-2,stim17,15,good,989,844.33207296,1.1713400825019396,2.2267206477732793,1.2416991440622789,5,300,33.84702809031561,3.6502029658029036,1.0
sub-20171206-NTS-2,stim17,16,good,3456,844.33207296,4.093176264031045,7.84370477568741,1.2612807288215149,4,300,7.105148139538067,0.5550428904499459,0.0
sub-20171206-NTS-2,stim17,17,good,1850,844.33207296,2.19108104411384,2.650081124932396,1.2152358814620392,5,300,44.390525637980254,4.667314098829263,1.0
sub-20171206-NTS-2,stim17,18,good,1315,844.33207296,1.5574440935187568,13.318112633181126,1.3463802634106925,6,300,4.533586709899265,0.7075450866531273,0.0
sub-20171206-NTS-2,stim17,19,good,24284,844.33207296,28.761195716357026,0.3459210147016431,0.27056669469514716,7,300,6.633534188860919,1.4644109043984457,1.0
sub-20171206-NTS-2,stim17,20,good,1328,844.33207296,1.5728408792341513,9.495101733232856,1.3141029526801862,6,300,7.747503633009566,0.5912456153266654,0.0
sub-20171206-NTS-2,stim17,21,good,1647,844.33207296,1.9506543133272947,1.6403402187120293,1.1187298210323424,7,300,4.56730224358745,0.7462440096747619,1.0
sub-20171206-NTS-2,stim17,22,good,3573,844.33207296,4.231747335469596,13.129899216125422,1.5061743386003932,6,300,13.761568559953504,0.8879922087901307,0.0
sub-20171206-NTS-2,stim17,23,mua,3659,844.33207296,4.33360299481759,3.4718425369054127,1.0683394307919718,6,300,5.6999089403707,,
sub-20171206-NTS-2,stim17,24,good,5257,844.33207296,6.226223269679167,6.2404870624048705,1.1076013677065706,6,300,4.671962821880155,0.9154897748607349,0.0
sub-20171206-NTS-2,stim17,25,mua,289,844.33207296,0.3422823901345405,1.7361111111111112,1.036414463033012,9,289,16.967569524709482,,
sub-20171206-NTS-2,stim17,26,good,2393,844.33207296,2.8341929397645513,8.862876254180602,0.9003017342580849,8,300,11.511631012719098,2.3486813387940946,0.0
sub-20171206-NTS-2,stim17,27,good,9653,844.33207296,11.432705577746432,9.759635308744302,0.8863205960219527,9,300,9.268408329405904,1.5859396461232211,0.0
sub-20171206-NTS-2,stim17,28,mua,3939,844.33207296,4.6652260717645495,4.850177755205689,1.0622830066761593,8,300,2.669141677805533,,
sub-20171206-NTS-2,stim17,29,mua,9204,844.33207296,10.900924286499343,7.399760947517114,1.0587735036393309,9,300,4.898959329364375,,
sub-20171206-NTS-2,stim17,30,mua,1605,844.33207296,1.9009108517852507,2.182044887780549,1.2018122950186954,10,300,4.1833810892708865,,
sub-20171206-NTS-2,stim17,31,good,1291,844.33207296,1.5290192583518745,1.3953488372093024,0.9396559470122645,11,300,6.190491216065826,0.9572689999636141,1.0
sub-20171206-NTS-2,stim17,32,mua,1060,844.33207296,1.2554302198706329,1.9830028328611897,1.0393521564867316,10,300,7.9611745031849415,,
sub-20171206-NTS-2,stim17,33,good,932,844.33207296,1.1038310989805942,3.7593984962406015,1.107412154537409,10,300,15.559898197220175,2.6714210900776467,1.0
sub-20171206-NTS-2,stim17,34,mua,3230,844.33207296,3.8255090662095697,6.937132239083307,1.1807721108528262,10,300,2.596641046551254,,
sub-20171206-NTS-2,stim17,35,mua,8317,844.33207296,9.850389753456653,9.4997594997595,1.0759346170936759,10,300,4.646961639396773,,
sub-20171206-NTS-2,stim17,36,mua,3550,844.33207296,4.204506868434667,3.916596224288532,1.123815659916295,13,300,4.8237045054771075,,
sub-20171206-NTS-2,stim17,37,good,3874,844.33207296,4.588242143187577,1.0586108959462948,0.8688583237425843,12,300,8.047746627049033,1.2624829384548677,1.0
sub-20171206-NTS-2,stim17,38,good,1355,844.33207296,1.604818818796894,11.742983751846381,1.2787901054297675,13,300,6.424197671702419,0.8037526649291549,0.0
sub-20171206-NTS-2,stim17,39,good,983,844.33207296,1.164233873710219,0.10183299389002036,0.9726188259749586,13,300,7.041479912461295,1.0954811661882915,1.0
sub-20171206-NTS-2,stim17,40,mua,359,844.33207296,0.42518815937128035,1.9553072625698324,1.0196384719952385,13,300,4.42971943714065,,
sub-20171206-NTS-2,stim17,41,good,3026,844.33207296,3.5838979672910707,2.84297520661157,0.8379041399007696,12,300,14.31243891962327,1.3256312527436422,1.0
sub-20171206-NTS-2,stim17,42,good,927,844.33207296,1.097909258320827,0.32397408207343414,1.0916095111204585,12,300,6.436266389536668,0.799015796163571,1.0
sub-20171206-NTS-2,stim17,43,good,512,844.33207296,0.6063964835601547,1.1741682974559686,0.998510361591271,13,300,6.818540775920109,0.9229349425173381,1.0
sub-20171206-NTS-2,stim17,45,good,1110,844.33207296,1.3146486264683042,1.7132551848512172,0.8750266517796326,12,300,10.247514979170225,0.9925159243448792,1.0
sub-20171206-NTS-2,stim17,47,good,13352,844.33207296,15.813683297842159,3.3031233615459517,0.8939365117461008,12,300,11.077078018786406,1.38086421324488,1.0
sub-20171206-NTS-2,stim17,48,mua,485,844.33207296,0.5744185439974122,0.6198347107438017,0.9657809550244411,12,300,5.336367932940058,,
sub-20171206-NTS-2,stim17,49,mua,823,844.33207296,0.9747349725976706,4.744525547445255,1.047030500087516,12,300,6.512799367221126,,
sub-20171206-NTS-2,stim17,51,good,1754,844.33207296,2.0773817034463113,0.17113519680547634,0.5507756447715849,13,300,14.99904088832884,1.7962742696129732,1.0
sub-20171206-NTS-2,stim17,52,mua,3774,844.33207296,4.4698053299922345,0.05300821627352239,0.8001675405811217,12,300,10.806115821673085,,
sub-20171206-NTS-2,stim17,53,good,2593,844.33207296,3.0710665661552365,0.4243827160493827,0.9049623315690395,14,300,3.343236526826377,0.5846122485186191,1.0
sub-20171206-NTS-2,stim17,54,good,2209,844.33207296,2.6162692034851207,1.947463768115942,1.1876349730920004,15,300,4.523391619865388,0.567379334353361,1.0
sub-20171206-NTS-2,stim17,55,good,828,844.33207296,0.9806568132574377,9.915356711003627,1.1713746726512502,12,300,6.759098317311111,0.6845401300381725,0.0
sub-20171206-NTS-2,stim17,56,good,545,844.33207296,0.6454806319146178,1.6544117647058825,0.9879098531489519,14,300,14.320886746714912,1.2143608763922435,1.0
sub-20171206-NTS-2,stim17,57,good,507,844.33207296,0.6004746429003875,4.940711462450593,1.429135322887822,14,300,4.9676520762401335,0.670565512833745,1.0
sub-20171206-NTS-2,stim17,58,mua,5334,844.33207296,6.31741961583958,2.1001312582036378,1.0649014926541054,12,300,4.923773687402849,,
sub-20171206-NTS-2,stim17,59,good,339,844.33207296,0.40150079673221184,0.2958579881656805,1.0795620207231456,13,300,6.51838707288446,0.7182120243529562,1.0
sub-20171206-NTS-2,stim17,60,good,1184,844.33207296,1.4022918682328578,1.267962806424345,1.021851514231586,13,300,6.8280492617504045,1.0143097083627355,1.0
sub-20171206-NTS-2,stim17,61,mua,4238,844.33207296,5.019352143218624,4.673117772008497,1.085080055117816,14,300,5.40086242231113,,
sub-20171206-NTS-2,stim17,62,mua,3221,844.33207296,3.814849753021989,7.080745341614906,1.1344506452071734,16,300,2.5063880763605155,,
sub-20171206-NTS-2,stim17,63,mua,11127,844.33207296,13.178464204245785,9.329498472047456,0.9979595939329354,16,300,4.272843814917214,,
sub-20171206-NTS-2,stim17,64,mua,1705,844.33207296,2.0193476649805935,2.0539906103286385,1.0646097002856927,19,300,3.0698732789451775,,
sub-20171206-NTS-2,stim17,65,mua,7441,844.33207296,8.812883269865452,2.8763440860215055,0.9390597951672766,19,300,4.566325336189555,,
sub-20171206-NTS-2,stim17,66,mua,2197,844.33207296,2.6020567859016794,1.7759562841530054,0.9926840738453448,19,300,4.925138692196114,,
sub-20171206-NTS-2,stim17,68,mua,3406,844.33207296,4.033957857433373,2.525697503671072,0.9715086437670727,20,300,3.717789680017584,,
sub-20171206-NTS-2,stim17,69,mua,5282,844.33207296,6.255832472978002,2.0450672221170234,0.9821502755673619,21,300,3.033651441750705,,
sub-20171206-NTS-2,stim17,70,mua,10108,844.33207296,11.971593077785242,4.11595923617295,0.9946065002827826,21,300,4.134794412994896,,
sub-20171206-NTS-2,stim17,72,mua,19523,844.33207296,23.122419040126758,0.5685892838848479,0.41627401980237233,22,300,8.52679626608916,,
sub-20171206-NTS-2,stim17,73,mua,2379,844.33207296,2.817611785917203,9.419680403700589,1.1626371905195674,23,300,4.24314236442344,,
sub-20171206-NTS-2,stim17,74,mua,1893,844.33207296,2.242008873787838,7.452431289640591,1.0329395161956667,23,300,2.8003422512133644,,
sub-20171206-NTS-2,stim17,75,good,31074,844.33207296,36.803055332320795,0.7080101696006179,0.5012289858881986,24,300,4.558294052474777,1.011890370341432,1.0
sub-20171206-NTS-2,stim17,76,mua,1407,844.33207296,1.666405961658472,7.0412517780938835,1.0805578492972565,25,300,3.158598540820951,,
sub-20171206-NTS-2,stim17,77,mua,16363,844.33207296,19.37981574315393,5.188852218555189,0.6367965932686774,25,300,5.271000074751475,,
sub-20171206-NTS-2,stim17,78,mua,1028,844.33207296,1.2175304396481232,0.2921129503407984,1.0206864933374589,27,300,3.326294717310807,,
sub-20171206-NTS-2,stim17,79,mua,2609,844.33207296,3.0900164562664916,4.677914110429448,1.0333113963988796,26,300,4.434705389010328,,
sub-20171206-NTS-2,stim17,80,mua,1186,844.33207296,1.4046606044967647,2.70042194092827,1.0459826734090505,26,300,2.926928221439972,,
sub-20171206-NTS-2,stim17,81,mua,2312,844.33207296,2.738259121076324,1.2548680225010818,1.0041677053942633,27,300,4.839062011211389,,
sub-20171206-NTS-2,stim17,82,mua,5870,844.33207296,6.952240934566618,2.5558016697904242,0.9713116456157408,29,300,2.9995006323103444,,
sub-20171206-NTS-2,stim17,83,mua,1628,844.33207296,1.9281513188201795,0.7375537799631223,0.9779296797976695,28,300,3.1776102794401497,,
sub-20171206-NTS-2,stim17,84,mua,3725,844.33207296,4.411771291526517,0.9129967776584319,0.8702960187511112,28,300,4.183331039786054,,
sub-20171206-NTS-2,stim17,85,mua,1088,844.33207296,1.2885925275653287,1.1039558417663293,1.125468505126542,28,300,4.123374461179861,,
sub-20171206-NTS-2,stim17,86,mua,60,844.33207296,0.07106208791720563,0.0,1.1381166526414603,28,60,9.987057162956338,,
sub-20171206-NTS-2,stim17,87,mua,5298,844.33207296,6.274782363089257,2.0388899377005854,0.9981527196667359,29,300,3.9839831439711944,,
sub-20171206-NTS-2,stim17,88,mua,3171,844.33207296,3.755631346424318,1.135646687697161,0.7085324702297281,31,300,3.8108159370387384,,
sub-20171206-NTS-2,stim17,89,mua,7959,844.33207296,9.426385962217328,2.8273435536566978,0.9676346272393517,30,300,4.067533592469879,,
sub-20171206-NTS-2,stim17,90,mua,3368,844.33207296,3.988951868419143,4.187704187704188,1.1270048012708296,30,300,3.462534265804151,,
sub-20171206-NTS-2,stim17,91,mua,8198,844.33207296,9.709449945754196,0.3293888007807734,0.5522949552096442,30,300,5.42655049413433,,
sub-20171206-NTS-2,stim18,0,mua,1140,154.05572096,7.399919930893035,3.0728709394205445,1.0288922962632887,0,300,3.0428692794258394,,
sub-20171206-NTS-2,stim18,1,good,337,154.05572096,2.1875201900973273,3.273809523809524,0.9906939765414046,9,300,8.871849527774682,1.1788676030024472,1.0
sub-20171206-NTS-2,stim18,2,mua,664,154.05572096,4.310128801853487,1.6591251885369533,0.9988178621332481,2,300,2.945056471688889,,
sub-20171206-NTS-2,stim18,3,mua,311,154.05572096,2.018750086410293,0.3225806451612903,0.7979196240546944,3,300,8.64496339428527,,
sub-20171206-NTS-2,stim18,4,good,243,154.05572096,1.5773513536903576,0.0,1.2188416129141508,3,243,15.09372681556161,1.8669669745939592,1.0
sub-20171206-NTS-2,stim18,5,mua,1244,154.05572096,8.075000345641172,9.412711182622687,0.9580947755218288,9,300,7.493152091087998,,
sub-20171206-NTS-2,stim18,6,mua,1088,154.05572096,7.062379723518967,2.483900643974241,1.006942473665376,2,300,5.100821018605151,,
sub-20171206-NTS-2,stim18,7,good,278,154.05572096,1.804541877884442,2.166064981949458,1.0639776297450867,5,278,40.85116679060111,4.842823299984057,1.0
sub-20171206-NTS-2,stim18,8,good,1039,154.05572096,6.744312989647249,0.2890173410404624,0.951551994927769,4,300,3.822163991167515,0.7386935406126739,1.0
sub-20171206-NTS-2,stim18,9,good,335,154.05572096,2.174537874429094,0.29940119760479045,0.7828913137253684,4,300,9.053663406318861,1.2683178981624823,1.0
sub-20171206-NTS-2,stim18,10,good,438,154.05572096,2.8431271313431137,3.203661327231121,1.160393690102812,5,300,43.02769751037574,4.060090288283471,1.0
sub-20171206-NTS-2,stim18,12,mua,793,154.05572096,5.147488162454541,3.535353535353535,1.025811380866671,6,300,5.858244678453551,,
sub-20171206-NTS-2,stim18,13,mua,261,154.05572096,1.6941921947044583,1.5384615384615385,1.0783097630057104,12,261,8.145811473749191,,
sub-20171206-NTS-2,stim18,14,good,415,154.05572096,2.6938305011584296,0.966183574879227,1.1076515316553617,7,300,4.740596924175445,0.8570889275734402,1.0
sub-20171206-NTS-2,stim18,15,good,5293,154.05572096,34.357698415979684,0.6802721088435374,0.2606616753327844,7,300,6.025743208294694,1.433634549398728,1.0
sub-20171206-NTS-2,stim18,16,good,1292,154.05572096,8.386575921678773,13.245546088303643,1.5176095362552358,6,300,15.304486040845562,0.9911356609747569,0.0
sub-20171206-NTS-2,stim18,17,mua,2385,154.05572096,15.481411434368324,11.996644295302012,1.02474415794758,9,300,4.75442287463827,,
sub-20171206-NTS-2,stim18,18,mua,680,154.05572096,4.413987327199354,4.123711340206185,1.1242872035764464,9,300,2.8016365107445242,,
sub-20171206-NTS-2,stim18,19,good,586,154.05572096,3.803818490792385,4.444444444444445,0.7505743172980975,9,300,21.70625952376587,3.089649240337985,1.0
sub-20171206-NTS-2,stim18,20,good,2236,154.05572096,14.514228917084937,14.36241610738255,0.8885696231356738,9,300,9.059202142231067,1.6684491102128658,0.0
sub-20171206-NTS-2,stim18,21,good,526,154.05572096,3.4143490207453833,7.6190476190476195,0.9001290249698389,10,300,17.191147758844757,3.0029851033596,0.0
sub-20171206-NTS-2,stim18,22,mua,327,154.05572096,2.1226086117561604,5.214723926380368,1.2190546791593333,11,300,4.836747737534551,,
sub-20171206-NTS-2,stim18,23,mua,811,154.05572096,5.264329003468642,4.074074074074074,1.0781521430994014,10,300,4.013467703071081,,
sub-20171206-NTS-2,stim18,24,mua,2309,154.05572096,14.988083438975455,13.604852686308492,0.9932736091787422,10,300,4.47728521586528,,
sub-20171206-NTS-2,stim18,25,good,799,154.05572096,5.186435109459242,0.0,0.7731901561309988,12,300,10.817135121189859,3.2053215431140734,1.0
sub-20171206-NTS-2,stim18,26,mua,265,154.05572096,1.720156826040925,3.787878787878788,1.0359196080376791,13,265,5.218373350284812,,
sub-20171206-NTS-2,stim18,27,good,281,154.05572096,1.824015351386792,0.7142857142857143,0.9249786649516274,13,281,7.68212909052152,1.1240794825261036,1.0
sub-20171206-NTS-2,stim18,28,good,2703,154.05572096,17.545599625617434,3.5159141376757956,0.8628213684533682,12,300,13.091713178946145,1.559799897379075,1.0
sub-20171206-NTS-2,stim18,29,good,962,154.05572096,6.244493836420263,1.040582726326743,0.8637803502477762,12,300,9.038495538634107,1.3946376244166179,1.0
sub-20171206-NTS-2,stim18,30,good,985,154.05572096,6.393790466604948,3.4552845528455287,0.8046394772901149,12,300,16.145104819348067,1.5190270154966898,1.0
sub-20171206-NTS-2,stim18,31,mua,885,154.05572096,5.744674683193278,0.0,0.3352187935620099,13,300,14.969879039565214,,
sub-20171206-NTS-2,stim18,33,mua,72,154.05572096,0.4673633640564023,0.0,0.9020369482520665,14,72,15.174067971791148,,
sub-20171206-NTS-2,stim18,34,good,391,154.05572096,2.538042713139629,2.307692307692308,0.9961886726415801,13,300,6.4604030748192764,0.9886346753106252,1.0
sub-20171206-NTS-2,stim18,35,mua,1232,154.05572096,7.997106451631772,4.6303818034118605,1.1083116314239994,14,300,5.585840269197977,,
sub-20171206-NTS-2,stim18,36,mua,2291,154.05572096,14.871242597961356,6.11353711790393,0.9662410900422117,16,300,4.724391472726173,,
sub-20171206-NTS-2,stim18,37,mua,503,154.05572096,3.265052390560699,6.374501992031872,1.1626780910106314,16,300,2.574173661845587,,
sub-20171206-NTS-2,stim18,38,mua,419,154.05572096,2.7197951324948964,5.263157894736842,1.0844456531372237,19,300,3.886960829727272,,
sub-20171206-NTS-2,stim18,39,good,3191,154.05572096,20.713284648666384,4.545454545454546,0.9157633813335088,19,300,4.661084222621194,0.6508209349502356,1.0
sub-20171206-NTS-2,stim18,40,good,574,154.05572096,3.725924596782985,0.17452006980802792,0.6844995852861909,20,300,4.84638923566355,0.864804018061026,1.0
sub-20171206-NTS-2,stim18,41,mua,1427,154.05572096,9.262882229284529,3.7868162692847123,0.9966949008147643,21,300,3.482049265320964,,
sub-20171206-NTS-2,stim18,42,good,1784,154.05572096,11.580225576064189,3.365114974761638,0.9858408034501482,21,300,4.000643625860733,1.0503418396064403,1.0
sub-20171206-NTS-2,stim18,43,good,4142,154.05572096,26.886375748911362,0.627867664815262,0.3758676929506116,22,300,8.046928746798326,0.8711323266373198,1.0
sub-20171206-NTS-2,stim18,44,mua,1123,154.05572096,7.289570247713052,18.89483065953654,1.0865641161514028,23,300,2.7460420916275274,,
sub-20171206-NTS-2,stim18,45,mua,764,154.05572096,4.959244585265157,15.334207077326342,1.0446552489160925,25,300,2.9972606735199134,,
sub-20171206-NTS-2,stim18,46,mua,325,154.05572096,2.1096262960879266,8.024691358024691,1.0331686897742152,25,300,4.908704704686278,,
sub-20171206-NTS-2,stim18,47,mua,154,154.05572096,0.9996383064539714,0.6535947712418301,0.6360842003515106,25,154,13.033750706636773,,
sub-20171206-NTS-2,stim18,48,good,8948,154.05572096,58.08288029967621,0.871800603554264,0.5172108216645642,24,300,5.367552290705938,1.233091118934359,1.0
sub-20171206-NTS-2,stim18,49,mua,679,154.05572096,4.4074961693652375,3.392330383480826,1.0057829246178263,27,300,3.3093123502210005,,
sub-20171206-NTS-2,stim18,50,mua,1283,154.05572096,8.328155501171723,4.5241809672386895,0.9979245966529081,29,300,3.3071934013641364,,
sub-20171206-NTS-2,stim18,51,good,276,154.05572096,1.7915595622162086,2.5454545454545454,1.0913733981824134,30,276,4.169957047902162,0.9758842340613257,1.0
sub-20171206-NTS-2,stim18,52,mua,2508,154.05572096,16.27982384796468,0.4387714399680893,0.4698694815790214,30,300,5.56152197771351,,
sub-20171206-NTS-2,stim18,53,mua,1429,154.05572096,9.27586454495276,2.1708683473389354,0.9205835649572061,30,300,4.1189944303005035,,
sub-20171206-NTS-2,stim18,54,good,79,154.05572096,0.5128014688952192,0.0,1.430518065025631,30,79,7.544911049642141,1.9525534084398901,1.0
sub-20171206-NTS-2,stim18,55,mua,888,154.05572096,5.764148156695628,2.593010146561443,0.8223862989493189,31,300,4.196649113047171,,
sub-20171206-NTS-2,stim18,56,good,286,154.05572096,1.8564711405573757,0.3508771929824561,1.3485962376356928,5,286,12.431044907200231,1.359223074011109,1.0
sub-20171206-NTS-2,stim3,0,mua,3598,852.08936448,4.222561799249463,16.207951070336392,1.1342961497985058,0,300,3.0459066009665943,,
sub-20171206-NTS-2,stim3,1,good,5195,852.08936448,6.096778362173696,25.953022718521375,1.1095797262691836,0,300,2.474857839810051,1.107448286448704,0.0
sub-20171206-NTS-2,stim3,2,mua,4727,852.08936448,5.547540195956701,23.592890393567497,1.1293930447314493,0,300,2.449406463823705,,
sub-20171206-NTS-2,stim3,3,mua,1815,852.08936448,2.130058272828731,9.481808158765158,1.098218596941491,2,300,2.5094024247488624,,
sub-20171206-NTS-2,stim3,4,mua,123,852.08936448,0.14435105650574873,4.098360655737705,1.1782019918710485,29,123,4.485824935575064,,
sub-20171206-NTS-2,stim3,5,mua,2424,852.08936448,2.844772040405975,3.673132480396203,1.0458310903930867,9,300,3.5545123827448957,,
sub-20171206-NTS-2,stim3,6,good,145,852.08936448,0.1701699446612485,8.333333333333332,1.3686526312464455,9,145,10.236764011001238,0.6214757439933678,0.0
sub-20171206-NTS-2,stim3,7,mua,542,852.08936448,0.6360835172854944,5.730129390018484,1.1070724539621324,8,300,2.723094915641901,,
sub-20171206-NTS-2,stim3,8,mua,4024,852.08936448,4.722509360805958,1.6654238130748198,1.0304431947788397,9,300,3.073685071828922,,
sub-20171206-NTS-2,stim3,9,mua,1593,852.08936448,1.8695222196232335,0.8165829145728644,1.0494286068328278,8,300,4.224604687298693,,
sub-20171206-NTS-2,stim3,10,mua,1838,852.08936448,2.157050746809481,0.10887316276537834,1.131475964648927,8,300,3.402890882972956,,
sub-20171206-NTS-2,stim3,11,mua,2244,852.08936448,2.633526591860977,0.7133303611234953,1.1303211703922638,9,300,5.858668621569782,,
sub-20171206-NTS-2,stim3,12,good,1634,852.08936448,1.917639238458483,0.2449479485609308,1.1804587668752762,9,300,8.492073908503414,1.5070107867391997,1.0
sub-20171206-NTS-2,stim3,13,mua,1650,852.08936448,1.936416611662483,2.668283808368708,1.1169782071110503,9,300,3.648163830602072,,
sub-20171206-NTS-2,stim3,14,mua,1538,852.08936448,1.8049749992344841,0.06506180871828238,0.9428024957559091,8,300,4.577188298805858,,
sub-20171206-NTS-2,stim3,16,mua,9845,852.08936448,11.553952449586149,2.752945956928078,0.9470867977681433,10,300,4.376604418199058,,
sub-20171206-NTS-2,stim3,17,mua,8102,852.08936448,9.508392356175417,0.592519442044192,0.8257939513480659,10,300,4.442545481252088,,
sub-20171206-NTS-2,stim3,18,mua,2901,852.08936448,3.40457247905022,16.517241379310345,1.2961280958179244,12,300,3.784304127937256,,
sub-20171206-NTS-2,stim3,19,mua,7234,852.08936448,8.489719859858425,1.0922162311627264,0.8809170883639045,16,300,4.410105806380492,,
sub-20171206-NTS-2,stim3,20,mua,27316,852.08936448,32.057670402528714,0.6004027091341754,0.5698471720414503,17,300,7.378078934598671,,
sub-20171206-NTS-2,stim3,21,mua,410,852.08936448,0.48117018835249575,1.466992665036675,1.0737318324691834,16,300,4.243437317933621,,
sub-20171206-NTS-2,stim3,22,good,1860,852.08936448,2.1828696349649808,0.10758472296933834,0.9483804975729131,17,300,5.203570222018214,0.8628545468476666,1.0
sub-20171206-NTS-2,stim3,23,good,1774,852.08936448,2.081941253993482,3.7225042301184432,1.366630654725667,26,300,6.7185500906128395,1.30869384654653,1.0
sub-20171206-NTS-2,stim3,24,mua,19618,852.08936448,23.0234067197543,0.040780955293877756,0.2497177057564532,16,300,8.506982719742426,,
sub-20171206-NTS-2,stim3,25,mua,15122,852.08936448,17.746964849430345,0.985384564512929,0.5563743793521416,19,300,4.278729781969958,,
sub-20171206-NTS-2,stim3,26,mua,817,852.08936448,0.9588196192292415,1.2254901960784315,1.0051461140866562,19,300,3.8087270759606193,,
sub-20171206-NTS-2,stim3,27,mua,2880,852.08936448,3.37992717671997,2.7092740534907955,0.9423896459070389,20,300,4.632350136936,,
sub-20171206-NTS-2,stim3,28,mua,6934,852.08936448,8.137644112283429,13.976633491994809,1.0562058918150756,21,300,3.8863880106573214,,
sub-20171206-NTS-2,stim3,29,mua,4779,852.08936448,5.608566658869701,15.696944328170783,1.147689427491687,21,300,3.180873873447281,,
sub-20171206-NTS-2,stim3,30,mua,5167,852.08936448,6.063917959066696,13.84049554781262,1.0976934136447407,21,300,4.154449314240874,,
sub-20171206-NTS-2,stim3,31,mua,6187,852.08936448,7.260975500821686,0.0,0.2398741195645439,20,300,10.546955076676706,,
sub-20171206-NTS-2,stim3,32,mua,9791,852.08936448,11.49057881502265,2.4616956077630237,0.847156026510972,20,300,3.5213993706825044,,
sub-20171206-NTS-2,stim3,33,good,5416,852.08936448,6.356140829553944,4.487534626038781,0.9461714911144964,22,300,4.67742939710402,0.7857437325546256,1.0
sub-20171206-NTS-2,stim3,34,mua,2490,852.08936448,2.922228704872474,10.405785456006427,1.2707733180103005,23,300,5.418863360321801,,
sub-20171206-NTS-2,stim3,35,mua,1203,852.08936448,1.4118237477757376,6.988352745424292,1.3164830715968587,23,300,4.56570247713937,,
sub-20171206-NTS-2,stim3,36,mua,3471,852.08936448,4.073516399442714,0.69164265129683,0.906989238872805,22,300,4.025633537902649,,
sub-20171206-NTS-2,stim3,37,mua,10182,852.08936448,11.949450872695396,17.42461447794912,1.087935042090698,23,300,6.361899798902479,,
sub-20171206-NTS-2,stim3,38,mua,1360,852.08936448,1.5960767223399859,1.1037527593818985,1.0926264213817758,25,300,4.496902068432938,,
sub-20171206-NTS-2,stim3,39,mua,656,852.08936448,0.7698723013639932,3.969465648854962,1.2306508027720837,25,300,4.53351482581249,,
sub-20171206-NTS-2,stim3,40,mua,5229,852.08936448,6.136680280232196,2.7161438408569243,0.734975927398042,25,300,9.227988691467186,,
sub-20171206-NTS-2,stim3,41,good,9046,852.08936448,10.616257375211406,24.046434494195687,1.1414777391262338,24,300,5.2804666821257795,0.9431891034704474,0.0
sub-20171206-NTS-2,stim3,42,mua,569,852.08936448,0.6677703345672441,1.232394366197183,1.0539003398616937,24,300,6.117393115933334,,
sub-20171206-NTS-2,stim3,43,mua,2526,852.08936448,2.964477794581474,2.9306930693069306,1.073178558754735,25,300,4.583671656826691,,
sub-20171206-NTS-2,stim3,44,mua,3689,852.08936448,4.329358109347212,7.212581344902386,1.0932355513906762,25,300,4.572091172413888,,
sub-20171206-NTS-2,stim3,45,good,18951,852.08936448,22.240624974312553,6.068601583113456,0.8977114959775335,27,300,3.9787491667991945,0.8156537783297934,0.0
sub-20171206-NTS-2,stim3,46,mua,1388,852.08936448,1.6289371254469858,1.4419610670511895,1.0645764546206706,27,300,3.2847504373501053,,
sub-20171206-NTS-2,stim3,47,good,1257,852.08936448,1.475197382339237,0.07961783439490447,1.0222927010135086,26,300,3.804604297260121,0.7427894231052785,1.0
sub-20171206-NTS-2,stim3,48,mua,5369,852.08936448,6.300982295767194,15.983606557377051,1.1293390926372784,29,300,3.7200135928761484,,
sub-20171206-NTS-2,stim3,49,mua,2722,852.08936448,3.1945006163304717,11.539875045938992,1.0764024750972911,28,300,3.4595475075836783,,
sub-20171206-NTS-2,stim3,51,mua,3989,852.08936448,4.681433856922209,19.157472417251757,1.1461551222811783,29,300,3.2238484228195174,,
sub-20171206-NTS-2,stim3,52,mua,2643,852.08936448,3.1017873361357227,6.737320211960636,1.026578359355796,28,300,3.3608709956264806,,
sub-20171206-NTS-2,stim3,53,mua,3217,852.08936448,3.7754255998292168,1.9589552238805972,0.9819895267807119,29,300,3.1580443438263197,,
sub-20171206-NTS-2,stim3,54,mua,5259,852.08936448,6.171887854989696,0.28527957398250287,0.4988701327538334,31,300,7.0169397987076385,,
sub-20171206-NTS-2,stim3,55,mua,12366,852.08936448,14.512562315041372,1.7873028710068743,0.7230008352567218,30,300,4.150975500372179,,
sub-20171206-NTS-2,stim3,56,mua,8037,852.08936448,9.432109277534167,0.5350920856147338,0.5604842554083304,30,300,4.337334866346465,,
sub-20171206-NTS-2,stim4,4,good,293,126.9456896,2.308073640965908,0.3424657534246575,1.2184215828724159,9,293,8.844472541905017,1.3970427351570305,1.0
sub-20171206-NTS-2,stim4,5,mua,304,126.9456896,2.3947248698076318,0.9900990099009901,1.0830146643563736,8,300,3.7087292180775617,,
sub-20171206-NTS-2,stim4,6,mua,525,126.9456896,4.135626831082258,3.0534351145038165,1.034053359092074,9,300,3.0044977419523526,,
sub-20171206-NTS-2,stim4,7,mua,451,126.9456896,3.552700382510664,3.7777777777777777,1.2128185033389602,8,300,3.2705680141843803,,
sub-20171206-NTS-2,stim4,8,mua,324,126.9456896,2.552272558610765,6.811145510835913,1.2250838239129287,9,300,5.06480063134547,,
sub-20171206-NTS-2,stim4,9,good,371,126.9456896,2.9225096272981292,1.0810810810810811,1.1278929401189228,9,300,7.411494942112435,1.1241881384608499,1.0
sub-20171206-NTS-2,stim4,10,mua,1551,126.9456896,12.217823266683014,3.483870967741935,0.9245865820210225,10,300,4.54794807032801,,
sub-20171206-NTS-2,stim4,11,mua,1178,126.9456896,9.279558870504573,0.7646559048428208,0.8486319498180365,10,300,4.224988233481308,,
sub-20171206-NTS-2,stim4,12,good,303,126.9456896,2.386847485367475,18.543046357615893,1.3001931860178928,12,300,4.635455225641276,0.5641855217555819,0.0
sub-20171206-NTS-2,stim4,13,mua,4349,126.9456896,34.25874493024141,1.954921803127875,0.6496592716669751,17,300,6.926958577994324,,
sub-20171206-NTS-2,stim4,14,good,194,126.9456896,1.5282125813903964,1.5544041450777202,1.5283301933355293,16,194,7.621430365285574,1.0277377875163478,1.0
sub-20171206-NTS-2,stim4,15,mua,2746,126.9456896,21.63129767267025,0.14571948998178508,0.27914663492035763,16,300,8.81545689529625,,
sub-20171206-NTS-2,stim4,16,mua,827,126.9456896,6.514596932009577,2.3002421307506054,0.9653165876507886,16,300,4.7264850087539365,,
sub-20171206-NTS-2,stim4,17,mua,1633,126.9456896,12.863768790775863,0.857843137254902,0.6713643335353319,19,300,5.641649639414376,,
sub-20171206-NTS-2,stim4,18,mua,1691,126.9456896,13.320657088304952,4.556213017751479,0.7653357970395217,20,300,5.206257742179126,,
sub-20171206-NTS-2,stim4,21,mua,2846,126.9456896,22.41903611668592,39.71880492091388,1.0020305526895665,21,300,4.074386853737455,,
sub-20171206-NTS-2,stim4,22,mua,2886,126.9456896,22.734131494292185,43.084922010398614,0.9986344329288077,21,300,4.477771974901375,,
sub-20171206-NTS-2,stim4,23,mua,1398,126.9456896,11.012583447339043,25.411596277738006,1.0773801069624693,23,300,6.1455245853961795,,
sub-20171206-NTS-2,stim4,24,mua,623,126.9456896,4.907610506217614,7.877813504823152,1.046528831497612,25,300,5.979742478334893,,
sub-20171206-NTS-2,stim4,25,mua,912,126.9456896,7.184174609422895,7.574094401756312,0.9025674034678891,25,300,8.416416252449567,,
sub-20171206-NTS-2,stim4,26,good,1088,126.9456896,8.57059427089047,17.295308187672493,1.1455922146142519,24,300,5.199089166224151,0.9297875998938454,0.0
sub-20171206-NTS-2,stim4,27,mua,3067,126.9456896,24.159938077960547,7.632093933463796,0.9613026905773006,27,300,4.354382721326984,,
sub-20171206-NTS-2,stim4,28,mua,106,126.9456896,0.8350027506566083,1.9047619047619049,1.0867222869417161,26,106,3.934464963898793,,
sub-20171206-NTS-2,stim4,31,mua,1040,126.9456896,8.19247981776295,0.28873917228103946,0.4081176482636801,31,300,6.80069602442031,,
sub-20171206-NTS-2,stim4,32,mua,1306,126.9456896,10.287864078844628,2.528735632183908,0.8956850634380006,30,300,3.4022565603546893,,
sub-20171206-NTS-2,stim7,0,mua,4808,860.37757952,5.588244178424962,2.3299355107135424,0.5658297286915585,0,300,6.90672644446775,,
sub-20171206-NTS-2,stim7,1,mua,25871,860.37757952,30.069356310322835,10.962504831851566,0.9864653042921275,0,300,3.2301060978296294,,
sub-20171206-NTS-2,stim7,2,mua,467,860.37757952,0.5427849482787973,1.0729613733905579,1.0367152943156073,1,300,6.245066453324029,,
sub-20171206-NTS-2,stim7,3,mua,8867,860.37757952,10.305940334878148,15.147755470336117,1.093171094523124,0,300,2.92145438792171,,
sub-20171206-NTS-2,stim7,4,mua,197,860.37757952,0.2289692394238181,1.530612244897959,0.7291366155255324,2,197,9.205201237296263,,
sub-20171206-NTS-2,stim7,5,mua,7237,860.37757952,8.411423277716608,25.469872857932558,1.1029329479513146,2,300,2.7762357457408036,,
sub-20171206-NTS-2,stim7,6,mua,9083,860.37757952,10.556992901962131,24.377890332525876,1.0652343332559953,2,300,3.6113103297370146,,
sub-20171206-NTS-2,stim7,7,mua,1082,860.37757952,1.2575873962262498,7.955596669750231,1.077829474655067,17,300,3.361306039168754,,
sub-20171206-NTS-2,stim7,8,mua,12166,860.37757952,14.140303384924726,38.56966707768187,1.0078372710526657,9,300,3.264611165928823,,
sub-20171206-NTS-2,stim7,9,mua,15013,860.37757952,17.449315692740008,30.80202504662936,0.9859307206960259,9,300,4.3165619945350455,,
sub-20171206-NTS-2,stim7,10,mua,14674,860.37757952,17.055302636066532,39.84870169699448,0.9663651372488121,10,300,4.003142205931933,,
sub-20171206-NTS-2,stim7,11,mua,10712,860.37757952,12.450347678720506,18.961814956586686,1.0267099944804068,11,300,6.358049004083716,,
sub-20171206-NTS-2,stim7,12,good,3500,860.37757952,4.067981411083063,6.401829094026865,1.2108898934803742,12,300,3.7134361555139335,0.5658167498504031,0.0
sub-20171206-NTS-2,stim7,13,mua,9210,860.37757952,10.70460251316429,4.387012704962537,1.024854821456426,12,300,3.480961945738042,,
sub-20171206-NTS-2,stim7,14,good,2634,860.37757952,3.0614465819407966,12.115457652867452,1.263074609595075,15,300,4.099204165789517,0.5023319606316858,0.0
sub-20171206-NTS-2,stim7,15,mua,5902,860.37757952,6.85977893948921,27.080155905778682,1.11828758219504,17,300,3.8133835152712994,,
sub-20171206-NTS-2,stim7,16,mua,27687,860.37757952,32.18005752247336,1.2966842447446363,0.34067933679095974,16,300,5.294904053947921,,
sub-20171206-NTS-2,stim7,17,mua,29906,860.37757952,34.759157737100026,17.639190770774118,0.7755022233476967,17,300,5.3249616075741955,,
sub-20171206-NTS-2,stim7,18,mua,17453,860.37757952,20.285279876466486,0.4526701810680724,0.46602757666427835,18,300,4.553458950906957,,
sub-20171206-NTS-2,stim7,19,mua,2180,860.37757952,2.533771278903165,0.09178522257916476,0.8185034075486127,30,300,26.596609458052285,,
sub-20171206-NTS-2,stim7,20,good,3796,860.37757952,4.412016410420374,10.171277997364953,1.236907675396223,18,300,4.458936915214258,0.9767510122176134,0.0
sub-20171206-NTS-2,stim7,21,mua,11994,860.37757952,13.940391155580073,0.3085132994246644,0.4573032486193715,30,300,24.283702332591027,,
sub-20171206-NTS-2,stim7,22,mua,3246,860.37757952,3.7727621886787492,1.0169491525423728,0.8178897370593239,18,300,4.153580988403579,,
sub-20171206-NTS-2,stim7,23,mua,3692,860.37757952,4.291139248491048,2.1945272283933894,0.9784108338276538,18,300,5.174714303447228,,
sub-20171206-NTS-2,stim7,24,mua,13398,860.37757952,15.572232841625965,2.261700380682242,0.714551490144406,19,300,9.192763026042442,,
sub-20171206-NTS-2,stim7,25,good,593,860.37757952,0.6892322790777875,0.6756756756756757,1.069343350618782,20,300,3.8020456212711453,0.7773508118883604,1.0
sub-20171206-NTS-2,stim7,26,mua,10836,860.37757952,12.594470448713164,1.772035071527457,0.6644371677059161,21,300,4.7287706239977885,,
sub-20171206-NTS-2,stim7,27,mua,1984,860.37757952,2.3059643198825133,2.723146747352496,0.9909607198855447,20,300,3.769406569914861,,
sub-20171206-NTS-2,stim7,28,good,1080,860.37757952,1.2552628354199167,0.09267840593141798,0.84621404819714,20,300,5.439369038909859,1.2836846943575215,1.0
sub-20171206-NTS-2,stim7,29,mua,3616,860.37757952,4.202805937850387,0.11065006915629322,0.27863414496023314,21,300,10.504217498370249,,
sub-20171206-NTS-2,stim7,30,mua,5003,860.37757952,5.814888857042447,11.355457816873251,1.073498410122584,21,300,3.8886097932579737,,
sub-20171206-NTS-2,stim7,31,mua,3787,860.37757952,4.401555886791874,4.595879556259905,1.161494271364773,23,300,5.585507316145236,,
sub-20171206-NTS-2,stim7,32,mua,6214,860.37757952,7.222410425277187,6.196684371479157,1.124135540664041,24,300,8.705134425589266,,
sub-20171206-NTS-2,stim7,33,mua,3451,860.37757952,4.0110296713279,0.463768115942029,0.7888620575550596,23,300,8.2773637948578,,
sub-20171206-NTS-2,stim7,34,mua,16615,860.37757952,19.311288898612883,9.29938605994944,0.795794986975333,22,300,5.405802581557052,,
sub-20171206-NTS-2,stim7,35,mua,2707,860.37757952,3.1462930513719574,12.675535846267556,1.2418327864452388,23,300,5.099106886758748,,
sub-20171206-NTS-2,stim7,36,good,317,860.37757952,0.36844288780380885,28.79746835443038,1.383526467994498,22,300,13.489526680869414,1.9272710645656146,0.0
sub-20171206-NTS-2,stim7,37,mua,2727,860.37757952,3.1695386594352892,4.512105649303008,1.0966670792499547,23,300,4.7240002319226795,,
sub-20171206-NTS-2,stim7,38,good,224,860.37757952,0.260350810309316,12.556053811659194,1.3632439687506348,22,224,6.117978855926085,0.8866105036754751,0.0
sub-20171206-NTS-2,stim7,39,mua,3911,860.37757952,4.545678656784531,10.843989769820972,1.0836243951479774,25,300,3.6152784172290366,,
sub-20171206-NTS-2,stim7,40,good,7709,860.37757952,8.960019628011239,0.5578619615983393,0.6256929095078504,24,300,7.070143119326321,1.399244865086218,1.0
sub-20171206-NTS-2,stim7,41,good,18487,860.37757952,21.48707781334074,5.328356594179379,0.9172192741125833,24,300,13.583263395060383,2.051050311527637,0.0
sub-20171206-NTS-2,stim7,42,mua,2504,860.37757952,2.91035012952914,4.35477427087495,1.0705754450116791,25,300,3.5698266249366886,,
sub-20171206-NTS-2,stim7,43,mua,2314,860.37757952,2.689516852927488,0.9511456982274102,0.9395936787323254,24,300,5.260894524958027,,
sub-20171206-NTS-2,stim7,44,mua,4654,860.37757952,5.409252996337307,8.725553406404469,1.1215061158290942,25,300,4.504530896040464,,
sub-20171206-NTS-2,stim7,45,mua,7003,860.37757952,8.139449663375625,7.355041416738074,0.9087099008638816,26,300,5.38436902277417,,
sub-20171206-NTS-2,stim7,46,mua,8538,860.37757952,9.923550082236341,7.754480496661591,0.9323094608576062,27,300,3.9052385923160617,,
sub-20171206-NTS-2,stim7,47,mua,8411,860.37757952,9.775940471034184,7.752675386444709,0.9466123791828657,27,300,4.047464056186272,,
sub-20171206-NTS-2,stim7,48,mua,7117,860.37757952,8.271949629336618,15.331646992692525,1.0162640895887656,28,300,4.522808521437269,,
sub-20171206-NTS-2,stim7,49,mua,3602,860.37757952,4.186534012206055,13.468480977506248,1.0911800532085885,28,300,3.6047540045407014,,
sub-20171206-NTS-2,stim7,50,mua,10552,860.37757952,12.264382814213851,8.965974789119514,0.9547843134670648,29,300,4.804661419567906,,
sub-20171206-NTS-2,stim7,51,good,755,860.37757952,0.877521704390775,0.2652519893899204,0.856694407091792,30,300,23.29870088190402,3.9787525721290518,1.0
sub-20171206-NTS-2,stim7,52,good,12120,860.37757952,14.086838486379063,0.39607228319168253,0.4524850843798742,30,300,26.118431993820135,5.231521673765098,1.0
sub-20171206-NTS-2,stim7,53,good,1693,860.37757952,1.967740722561036,0.8274231678486997,1.4274907642303565,31,300,11.759104010905471,1.4635820197719869,1.0
sub-20171206-NTS-2,stim7,54,mua,12539,860.37757952,14.573833975305865,0.33498165576646993,0.5203024746905112,31,300,8.748468288650574,,
sub-20171206-NTS-2,stim8,0,mua,1051,144.01789952,7.297703990287999,19.142857142857142,1.1395115580302904,0,300,3.185295774553592,,
sub-20171206-NTS-2,stim8,1,mua,3665,144.01789952,25.448225617892973,12.745633187772926,1.0230931720177416,0,300,3.1345334170941617,,
sub-20171206-NTS-2,stim8,2,mua,690,144.01789952,4.791071125878895,0.5805515239477503,0.5220773650280934,1,300,7.160964037765722,,
sub-20171206-NTS-2,stim8,3,mua,1350,144.01789952,9.373834811502187,31.356560415122313,1.0792440590308734,2,300,3.6893806459133214,,
sub-20171206-NTS-2,stim8,4,mua,25,144.01789952,0.1735895335463368,8.333333333333332,1.2383273753216084,0,25,2.944363753460401,,
sub-20171206-NTS-2,stim8,5,mua,2511,144.01789952,17.435332749394068,50.916334661354576,0.9753725627163793,9,300,5.10620471286156,,
sub-20171206-NTS-2,stim8,6,mua,1084,144.01789952,7.526842174569164,27.42382271468144,1.0977501838385828,11,300,3.7081611535805212,,
sub-20171206-NTS-2,stim8,7,mua,1575,144.01789952,10.936140613419218,38.94536213468869,1.0487251665241053,10,300,4.926154781369149,,
sub-20171206-NTS-2,stim8,8,mua,1926,144.01789952,13.373337664409787,4.935064935064935,0.8985445817522665,12,300,3.2031824250812995,,
sub-20171206-NTS-2,stim8,9,mua,824,144.01789952,5.721511025687261,9.234507897934387,1.194845507601347,15,300,3.4358848351750524,,
sub-20171206-NTS-2,stim8,10,mua,2752,144.01789952,19.108735852780754,2.8716830243547804,0.6886722893763766,16,300,4.457776959857883,,
sub-20171206-NTS-2,stim8,11,mua,1720,144.01789952,11.942959907987971,32.16986620127981,1.044343788150107,17,300,4.890609149953195,,
sub-20171206-NTS-2,stim8,12,mua,3564,144.01789952,24.746923902365776,5.164187482458602,0.4626416201367934,16,300,6.263939132746148,,
sub-20171206-NTS-2,stim8,13,good,2441,144.01789952,16.949282055464327,0.4098360655737705,0.3516384583826053,31,300,26.204710486671463,5.8106825518692045,1.0
sub-20171206-NTS-2,stim8,14,mua,2952,144.01789952,20.49745212115145,1.9315486275838698,0.6390383648305272,18,300,4.171458546682738,,
sub-20171206-NTS-2,stim8,15,mua,1902,144.01789952,13.206691712205304,1.7359284587059443,0.7254251053793023,19,300,11.69552829285568,,
sub-20171206-NTS-2,stim8,16,mua,1283,144.01789952,8.908614861598005,6.5522620904836195,1.024243057728051,18,300,4.7735983312465695,,
sub-20171206-NTS-2,stim8,17,mua,345,144.01789952,2.3955355629394477,6.686046511627906,1.0921587974399705,20,300,3.926374908656444,,
sub-20171206-NTS-2,stim8,18,mua,1430,144.01789952,9.929321318850464,2.7991602519244227,0.8952270385610746,21,300,4.2240549564925,,
sub-20171206-NTS-2,stim8,19,mua,2685,144.01789952,18.643515902876572,7.600596125186289,0.4215565459524989,21,300,7.062228690260032,,
sub-20171206-NTS-2,stim8,20,mua,423,144.01789952,2.9371349076040185,1.1848341232227488,0.9892381877424067,20,300,5.14571067029015,,
sub-20171206-NTS-2,stim8,21,mua,2547,144.01789952,17.685301677700792,5.89159465828751,0.7940229941065332,22,300,4.954499020120588,,
sub-20171206-NTS-2,stim8,22,mua,2342,144.01789952,16.26186750262083,7.21913712088851,1.0493433480012828,24,300,11.111339617680708,,
sub-20171206-NTS-2,stim8,23,mua,1128,144.01789952,7.832359753610716,8.429458740017747,0.9886965034469197,23,300,5.906856659458906,,
sub-20171206-NTS-2,stim8,24,mua,819,144.01789952,5.6867931189779934,15.892420537897312,1.2587028197360028,23,300,5.978718830520378,,
sub-20171206-NTS-2,stim8,25,good,3253,144.01789952,22.587470105049345,5.043050430504305,0.9244346596422797,24,300,12.09539257170948,1.7853828334194741,0.0
sub-20171206-NTS-2,stim8,26,mua,847,144.01789952,5.8812133965498905,10.520094562647754,1.0327514279314862,25,300,3.649601846466474,,
sub-20171206-NTS-2,stim8,27,good,1186,144.01789952,8.235087471438218,0.7594936708860759,0.7784116171308362,24,300,4.541102978738548,0.8641977128260026,1.0
sub-20171206-NTS-2,stim8,28,mua,887,144.01789952,6.15895665022403,19.41309255079007,1.2525297758051732,25,300,5.315180594065339,,
sub-20171206-NTS-2,stim8,29,mua,722,144.01789952,5.013265728818207,22.052704576976424,1.1455830435255634,26,300,4.238206281682284,,
sub-20171206-NTS-2,stim8,30,mua,1612,144.01789952,11.193053123067797,9.62135319677219,0.8525104160551489,29,300,4.096204340710662,,
sub-20171206-NTS-2,stim8,31,good,314,144.01789952,2.1802845413419902,0.6389776357827476,1.4438739717106017,31,300,12.17159149951938,1.4189326671671136,1.0
sub-20171206-NTS-2,stim8,32,good,2459,144.01789952,17.074266519617687,0.40683482506102525,0.3439454630189896,31,300,25.050663208874525,5.062566552014535,1.0
sub-20171212-NTS-3,stim2,0,mua,184,875.1157248,0.21025790622383295,0.546448087431694,1.2667765048737474,25,184,4.053584559806145,,
sub-20171212-NTS-3,stim2,1,mua,34,875.1157248,0.03885200441092566,0.0,1.2400684891936973,25,34,13.33945342852856,,
sub-20171212-NTS-3,stim2,2,mua,30,875.1157248,0.03428118036258146,0.0,1.0910645451623435,8,30,3.1369639751099583,,
sub-20171212-NTS-3,stim2,3,mua,31,875.1157248,0.03542388637466751,0.0,0.9297543029673614,25,31,8.223176850461154,,
sub-20171212-NTS-3,stim2,4,good,336,875.1157248,0.38394922006091237,0.0,0.5787446180459093,16,300,6.999519452601775,1.0536875097166565,1.0
sub-20171212-NTS-3,stim2,5,good,6108,875.1157248,6.9796483218215855,5.714753561486818,1.3945644758257734,16,300,3.726274729799545,0.9887594219347323,0.0
sub-20171212-NTS-3,stim2,6,mua,381,875.1157248,0.43537099060478457,3.421052631578948,0.8280538183870734,16,300,6.065322150824917,,
sub-20171212-NTS-3,stim2,7,mua,1460,875.1157248,1.668350777645631,1.233721727210418,1.0682821189781764,16,300,3.981358077614229,,
sub-20171212-NTS-3,stim2,8,good,728,875.1157248,0.8318899767986434,0.0,0.5297661292359818,18,300,3.0723115464464885,0.4245716298808472,1.0
sub-20171212-NTS-3,stim2,9,mua,47,875.1157248,0.05370718256804429,19.565217391304348,1.3924522885811326,18,47,28.144826085362553,,
sub-20171212-NTS-3,stim2,10,mua,676,875.1157248,0.7724692641701689,2.3703703703703702,1.0556884393770396,18,300,6.171663019092196,,
sub-20171212-NTS-3,stim2,11,good,318,875.1157248,0.3633805118433635,2.8391167192429023,1.028992254646288,18,300,5.862106526261701,0.6965985045568716,1.0
sub-20171212-NTS-3,stim2,12,good,1557,875.1157248,1.779193260817978,0.7069408740359897,0.4515780349629559,18,300,7.091051277756404,1.363093840795025,1.0
sub-20171212-NTS-3,stim2,13,mua,36,875.1157248,0.04113741643509775,2.857142857142857,0.8120298950815776,24,36,8.176776079595331,,
sub-20171212-NTS-3,stim2,14,good,96,875.1157248,0.10969977716026068,0.0,1.2096785683030666,25,96,17.98856988147184,3.015783841848921,1.0
sub-20171212-NTS-3,stim2,15,mua,102,875.1157248,0.11655601323277696,0.0,1.114267044338939,25,102,15.69199146109971,,
sub-20171212-NTS-3,stim2,16,good,4212,875.1157248,4.813077722906437,6.269294704345761,0.6460829398293655,25,300,4.904376033616586,1.761338296670818,0.0
sub-20171212-NTS-3,stim2,17,mua,5960,875.1157248,6.81052783203285,10.186272864574592,0.8869800779166533,24,300,3.713458298016761,,
sub-20171212-NTS-3,stim2,18,mua,114,875.1157248,0.13026848537780955,0.8849557522123894,1.0880624959960208,25,114,25.385706721334586,,
sub-20171212-NTS-3,stim2,19,mua,1260,875.1157248,1.4398095752284212,8.895949166004765,1.170994652604405,24,300,3.35391580751739,,
sub-20171212-NTS-3,stim2,20,mua,182,875.1157248,0.20797249419966085,1.6574585635359116,0.7360602334103086,25,182,24.771348251634855,,
sub-20171212-NTS-3,stim2,21,mua,226,875.1157248,0.258251558731447,12.444444444444445,1.2321882353730778,25,226,19.178995725219227,,
sub-20171212-NTS-3,stim2,22,good,1371,875.1157248,1.5666499425699727,1.532846715328467,0.989697503778733,24,300,31.169605474711833,4.055524446033007,1.0
sub-20171212-NTS-3,stim2,23,good,2292,875.1157248,2.6190821797012234,1.5713662156263641,1.0809401440910276,25,300,46.153320589160565,6.051041406897992,1.0
sub-20171212-NTS-3,stim2,24,mua,6006,875.1157248,6.863092308588809,21.998334721065778,1.2281111492227763,25,300,10.14271532009617,,
sub-20171212-NTS-3,stim2,25,mua,12057,875.1157248,13.77760638772149,19.749502322495026,0.9294330512694108,24,300,9.028327788278343,,
sub-20171212-NTS-3,stim2,26,mua,3177,875.1157248,3.6303770003973765,1.0075566750629723,0.7056999954182146,27,300,4.277961799936489,,
sub-20171212-NTS-3,stim2,27,good,487,875.1157248,0.5564978278859057,1.8518518518518516,1.1073893713026761,27,300,7.789649712318996,0.8191531689267431,1.0
sub-20171212-NTS-3,stim2,28,good,295,875.1157248,0.33709827356538435,2.0408163265306123,1.0483162433436053,25,295,5.599820056640386,0.8324091373116863,1.0
sub-20171212-NTS-3,stim2,29,good,444,875.1157248,0.5073614693662056,2.9345372460496613,1.191979511948727,26,300,18.934696911900087,2.108366836694344,1.0
sub-20171212-NTS-3,stim2,30,mua,3102,875.1157248,3.544674049490923,0.32247662044501774,0.5814961545239766,27,300,4.6721508395223665,,
sub-20171212-NTS-3,stim2,31,good,540,875.1157248,0.6170612465264663,32.28200371057514,1.6587331752916759,26,300,14.822251730894457,1.5553317532928408,0.0
sub-20171212-NTS-3,stim2,32,mua,2070,875.1157248,2.365401445018121,15.611406476558724,0.9948941447359585,26,300,5.101565780349844,,
sub-20171212-NTS-3,stim2,33,mua,565,875.1157248,0.6456288968286175,8.51063829787234,0.9632541876348767,25,300,5.298550569647106,,
sub-20171212-NTS-3,stim2,34,mua,515,875.1157248,0.5884935962243151,1.1673151750972763,1.1609798954850925,26,300,19.0768842157004,,
sub-20171212-NTS-3,stim2,35,good,2143,875.1157248,2.448818983900402,9.757236227824464,1.0636669679839676,26,300,21.89969009093167,2.2240113530059524,0.0
sub-20171212-NTS-3,stim2,36,mua,4003,875.1157248,4.574252166380453,27.836081959020493,0.9982430637458577,26,300,5.283468425658431,,
sub-20171212-NTS-3,stim2,37,mua,28,875.1157248,0.031995768338409364,3.7037037037037033,0.9830999140434991,25,28,1.9456955654128638,,
sub-20171212-NTS-3,stim5,0,mua,1068,945.1606016,1.1299666936942285,10.871602624179943,1.278537367143839,2,300,4.458450395249949,,
sub-20171212-NTS-3,stim5,1,mua,20,945.1606016,0.021160424975547352,78.94736842105263,0.6629443506047208,23,20,71.43269507060445,,
sub-20171212-NTS-3,stim5,2,mua,434,945.1606016,0.45918122196937755,3.4642032332563506,1.192715554453965,8,300,5.23094709425424,,
sub-20171212-NTS-3,stim5,3,mua,4403,945.1606016,4.65846755836675,1.7719218537028625,0.9608069324441189,23,300,4.971839800704481,,
sub-20171212-NTS-3,stim5,4,mua,8,945.1606016,0.00846416999021894,71.42857142857143,1.2265058993870197,5,8,125.96693665495019,,
sub-20171212-NTS-3,stim5,5,mua,674,945.1606016,0.7131063216759458,5.646359583952452,1.6137763849071005,16,300,5.559883940235042,,
sub-20171212-NTS-3,stim5,6,good,119,945.1606016,0.12590452860450674,0.847457627118644,1.1255397155201057,17,119,8.756447091979275,0.6852607796865409,1.0
sub-20171212-NTS-3,stim5,7,mua,950,945.1606016,1.0051201863384993,5.690200210748156,1.3078177044250814,17,300,4.22611712811316,,
sub-20171212-NTS-3,stim5,8,mua,1535,945.1606016,1.6240626168732593,8.409387222946545,1.4323323592383268,16,300,2.7399623719098756,,
sub-20171212-NTS-3,stim5,9,good,3434,945.1606016,3.6332449683014802,34.98397902709001,1.7240496042401634,17,300,11.402456549829857,1.891693357031991,0.0
sub-20171212-NTS-3,stim5,10,mua,1760,945.1606016,1.862117397848167,0.625355315520182,1.0493883715020225,19,300,4.7621224099455866,,
sub-20171212-NTS-3,stim5,11,good,2363,945.1606016,2.5001042108609197,0.9737510584250635,0.9738691295107014,19,300,3.8765736515932683,0.4336376940212258,1.0
sub-20171212-NTS-3,stim5,12,mua,1985,945.1606016,2.1001721788230747,0.05040322580645161,0.8686926684227282,19,300,3.594271167496851,,
sub-20171212-NTS-3,stim5,13,mua,1189,945.1606016,1.2579872647962902,0.33670033670033667,1.1233777501945712,19,300,3.4667694621326364,,
sub-20171212-NTS-3,stim5,14,good,670,945.1606016,0.7088742366808363,0.5979073243647235,1.0490699909126815,19,300,4.610083842005649,0.49872667761374934,1.0
sub-20171212-NTS-3,stim5,15,good,1992,945.1606016,2.107578327564516,0.3515821195379206,1.0788408229047752,19,300,3.3599556824524406,0.7136216907341193,1.0
sub-20171212-NTS-3,stim5,16,mua,1725,945.1606016,1.8250866541409592,13.45707656612529,1.3028966397654904,18,300,3.5092619017759548,,
sub-20171212-NTS-3,stim5,17,good,140,945.1606016,0.14812297482883147,0.7194244604316548,0.9534302731125595,18,140,9.683619623907978,0.9708429259230178,1.0
sub-20171212-NTS-3,stim5,18,mua,1781,945.1606016,1.8843358440724918,8.707865168539326,1.0901757989081915,18,300,3.141695745010122,,
sub-20171212-NTS-3,stim5,19,mua,16,945.1606016,0.01692833998043788,86.66666666666667,0.5661586661067074,23,16,88.03687338364551,,
sub-20171212-NTS-3,stim5,20,good,1922,945.1606016,2.0335168401501007,23.737636647579386,1.3945013081651438,25,300,9.547539995315045,1.801756406630984,0.0
sub-20171212-NTS-3,stim5,21,mua,2848,945.1606016,3.013244516517943,8.74604847207587,1.190870884391098,25,300,3.2551545698188744,,
sub-20171212-NTS-3,stim5,22,good,284,945.1606016,0.3004780346527724,29.328621908127207,1.5158849123486013,24,284,9.08112396548629,0.945483141030251,0.0
sub-20171212-NTS-3,stim5,23,mua,667,945.1606016,0.7057001729345042,8.408408408408409,1.4916979480349004,24,300,5.963113762294989,,
sub-20171212-NTS-3,stim5,24,good,96,945.1606016,0.10157003988262729,12.631578947368421,1.3402113499185262,26,96,16.177757973988946,1.60679537231783,0.0
sub-20171212-NTS-3,stim5,25,mua,4846,945.1606016,5.127170971575124,3.075335397316821,1.0194078355593568,25,300,4.218651338197484,,
sub-20171212-NTS-3,stim5,26,mua,771,945.1606016,0.8157343828073504,0.5194805194805194,0.7442755505127129,24,300,2.6896368943413314,,
sub-20171212-NTS-3,stim5,27,good,600,945.1606016,0.6348127492664206,15.692821368948248,1.2575711708250998,25,300,22.61847006311407,2.137423565903869,0.0
sub-20171212-NTS-3,stim5,28,good,1179,945.1606016,1.2474070523085163,0.5093378607809848,1.396814374722268,24,300,15.363315550381627,2.6455693035400714,1.0
sub-20171212-NTS-3,stim5,29,mua,2550,945.1606016,2.6979541843822874,7.179285994507651,1.158372663360354,25,300,6.300596519160968,,
sub-20171212-NTS-3,stim5,30,mua,3797,945.1606016,4.017306681607665,14.067439409905164,1.113468159923089,25,300,3.675687765544339,,
sub-20171212-NTS-3,stim5,31,mua,2132,945.1606016,2.255701302393348,11.778507742843736,1.2464640553913644,27,300,8.99022143110086,,
sub-20171212-NTS-3,stim5,32,good,71,945.1606016,0.0751195086631931,4.285714285714286,1.5275439786003076,27,71,14.597606792181637,1.9600286211596956,1.0
sub-20171212-NTS-3,stim5,33,mua,1432,945.1606016,1.5150864282491905,13.836477987421384,1.4818170573857166,27,300,7.908066638887661,,
sub-20171212-NTS-3,stim5,34,good,406,945.1606016,0.42955662700361125,9.382716049382717,1.392170680373028,26,300,13.517627277940832,1.6527947753814558,0.0
sub-20171212-NTS-3,stim5,35,mua,12250,945.1606016,12.960760297522754,5.486162135684546,0.7134518800932395,27,300,4.1880954588069805,,
sub-20171212-NTS-3,stim5,36,good,134,945.1606016,0.14177484733616727,0.0,1.0769123910075638,24,134,16.061644896954558,1.0688070581166105,1.0
sub-20171212-NTS-3,stim5,37,mua,196,945.1606016,0.20737216476036405,3.076923076923077,1.2794795243657033,24,196,9.348158606474477,,
sub-20171212-NTS-3,stim5,38,mua,5436,945.1606016,5.7514035083537705,17.056117755289787,1.2367208477300606,27,300,5.283455978915681,,
sub-20171212-NTS-3,stim5,39,mua,2786,945.1606016,2.9476471990937463,4.416517055655296,1.3636774319648612,26,300,4.328575278788635,,
sub-20171212-NTS-3,stim5,40,good,456,945.1606016,0.48245768944247963,1.3186813186813187,1.3573566476945127,24,300,16.623522857496614,1.1578130577636212,1.0
sub-20171212-NTS-3,stim5,41,good,204,945.1606016,0.215836334750583,0.49261083743842365,1.3001516953494565,24,204,15.986859545926524,1.0608838449232536,1.0
sub-20171212-NTS-3,stim5,42,mua,4387,945.1606016,4.641539218386312,28.910168718650255,1.22798401307941,26,300,4.282559674550164,,
sub-20171212-NTS-3,stim5,43,mua,2166,945.1606016,2.2916740248517784,10.392609699769054,1.033115356564655,28,300,3.5286533164524685,,
sub-20171212-NTS-3,stim5,44,good,358,945.1606016,0.3787716070622976,1.1204481792717087,1.127384987514671,29,300,4.26323183114748,0.7731005030714384,1.0
sub-20171212-NTS-3,stim5,45,mua,1105,945.1606016,1.1691134798989913,5.163043478260869,1.215700656643459,28,300,4.464306519194202,,
sub-20171212-NTS-3,stim5,46,good,3794,945.1606016,4.014132617861333,2.451885051410493,1.106804783132739,28,300,20.00482695089699,2.314532679254498,1.0
sub-20171212-NTS-3,stim5,47,mua,16422,945.1606016,17.37482494742193,47.439254612995555,1.177592587709234,28,300,3.899141377143188,,
sub-20171212-NTS-3,stim5,48,mua,4135,945.1606016,4.3749178636944155,14.39283986453798,1.0237304538097438,30,300,7.810000221879944,,
sub-20171212-NTS-3,stim5,49,good,680,945.1606016,0.71945444916861,5.007363770250368,1.3816985996678746,30,300,7.120104140276803,0.8448657641110608,0.0
sub-20171212-NTS-3,stim5,50,mua,919,945.1606016,0.9723215276264009,2.941176470588235,1.3911317823438754,30,300,2.950824562411521,,
sub-20171212-NTS-3,stim5,51,mua,795,945.1606016,0.8411268927780072,1.0075566750629723,0.979496956783718,31,300,3.625631119026307,,
sub-20171212-NTS-3,stim5,52,mua,912,945.1606016,0.9649153788849593,6.915477497255764,1.3396640058527227,30,300,2.889122661847816,,
sub-20171212-NTS-3,stim5,53,mua,2185,945.1606016,2.3117764285785483,16.117216117216117,1.2818541662361258,30,300,4.661046679661071,,
sub-20171212-NTS-3,stim7,0,mua,6549,1083.44311808,6.044618209034977,2.321319486866219,0.8039152700630612,0,300,5.232400822588494,,
sub-20171212-NTS-3,stim7,1,mua,5532,1083.44311808,5.105944103280118,9.980112095461942,1.0490344450316,0,300,2.977578864347702,,
sub-20171212-NTS-3,stim7,2,mua,15884,1083.44311808,14.660668137473136,12.77466473588113,1.0446458137580044,1,300,3.370096129721481,,
sub-20171212-NTS-3,stim7,3,mua,2405,1083.44311808,2.2197750485156695,2.454242928452579,0.9967774255335251,2,300,3.153035160165877,,
sub-20171212-NTS-3,stim7,4,mua,9068,1083.44311808,8.369613363800452,2.7682805779199295,0.970806298433601,2,300,5.370660495521147,,
sub-20171212-NTS-3,stim7,5,mua,5155,1083.44311808,4.7579793659452285,9.87582460225068,1.0939359952251693,3,300,2.683013690847252,,
sub-20171212-NTS-3,stim7,6,mua,1090,1083.44311808,1.0060518930902618,0.0,0.9275819905372322,2,300,17.317370578502675,,
sub-20171212-NTS-3,stim7,7,mua,13901,1083.44311808,12.830392078759385,8.115107913669064,1.0202990478592366,2,300,3.243371289813481,,
sub-20171212-NTS-3,stim7,8,mua,9218,1083.44311808,8.508060872023883,28.371487468807636,1.1512367009143194,5,300,2.9739588983764706,,
sub-20171212-NTS-3,stim7,9,mua,13465,1083.44311808,12.42797132152328,13.123885918003564,0.9832022445367903,5,300,3.891662409271365,,
sub-20171212-NTS-3,stim7,10,mua,7601,1083.44311808,7.015596733375302,18.736842105263158,1.1824866023420995,6,300,4.7171081687810625,,
sub-20171212-NTS-3,stim7,11,mua,9928,1083.44311808,9.163379077614788,22.484134179510427,1.1834905116385928,6,300,4.607653467708193,,
sub-20171212-NTS-3,stim7,12,good,1825,1083.44311808,1.6844446833850713,0.05482456140350877,0.9256739862441866,9,300,12.158293753577082,1.6131847379983,1.0
sub-20171212-NTS-3,stim7,13,good,2227,1083.44311808,2.0554840054238652,0.08984725965858043,0.86442923364901,9,300,7.641577681706568,0.9710126492288819,1.0
sub-20171212-NTS-3,stim7,14,good,360,1083.44311808,0.3322740197362333,0.0,0.9599013229332073,9,300,18.988712087882814,2.0053721154195556,1.0
sub-20171212-NTS-3,stim7,15,good,1224,1083.44311808,1.129731667103193,0.0,0.8424923800584564,9,300,13.380843271462155,1.5117311136561962,1.0
sub-20171212-NTS-3,stim7,16,mua,5810,1083.44311808,5.362533485187542,5.1471854019624725,1.0324942451860284,8,300,3.945277540434241,,
sub-20171212-NTS-3,stim7,17,mua,3905,1083.44311808,3.6042501307499744,0.5891393442622951,0.9195511363519437,9,300,10.995357456869124,,
sub-20171212-NTS-3,stim7,18,mua,256,1083.44311808,0.23628374736798807,0.0,0.9938250996852226,8,256,15.453843657161185,,
sub-20171212-NTS-3,stim7,19,good,3838,1083.44311808,3.5424102437435088,0.07818608287724785,1.1169340640007102,8,300,8.19789222575592,1.4847400714642653,1.0
sub-20171212-NTS-3,stim7,20,mua,11493,1083.44311808,10.607848080079247,9.850330664810302,1.042016096462235,9,300,3.278193873621955,,
sub-20171212-NTS-3,stim7,21,mua,607,1083.44311808,0.5602509166108155,1.9801980198019802,0.626718077450542,10,300,19.54312727053382,,
sub-20171212-NTS-3,stim7,23,mua,859,1083.44311808,0.7928427304261788,8.508158508158509,1.142022786753125,11,300,3.5433625413250636,,
sub-20171212-NTS-3,stim7,24,mua,25,1083.44311808,0.023074584703905086,0.0,1.1029508777195802,11,25,28.140431302154852,,
sub-20171212-NTS-3,stim7,25,mua,422,1083.44311808,0.3894989898019179,1.4251781472684086,0.5320474577232502,10,300,22.31929951623062,,
sub-20171212-NTS-3,stim7,26,mua,14783,1083.44311808,13.644463427113156,10.884859964822082,0.9974403293144275,11,300,5.438414838033771,,
sub-20171212-NTS-3,stim7,27,mua,3870,1083.44311808,3.5719457121645073,0.43939002326182475,0.8962528979190141,11,300,11.495244848149197,,
sub-20171212-NTS-3,stim7,28,mua,8006,1083.44311808,7.389405005578565,4.672079950031231,0.9773538886144945,10,300,5.590819757713249,,
sub-20171212-NTS-3,stim7,29,mua,14935,1083.44311808,13.784756902112898,6.394803803401635,0.9634364510147775,10,300,5.539640068142253,,
sub-20171212-NTS-3,stim7,30,mua,10978,1083.44311808,10.132511635178801,5.1835656372415055,1.1291562042577676,12,300,4.4015873094100675,,
sub-20171212-NTS-3,stim7,31,mua,12893,1083.44311808,11.900024823497931,1.4427551970214085,0.8473191115112751,12,300,5.702233293293312,,
sub-20171212-NTS-3,stim7,32,good,584,1083.44311808,0.5390222986832228,0.17152658662092624,1.3768971027317753,13,300,10.470836076653425,1.3588187470319795,1.0
sub-20171212-NTS-3,stim7,33,mua,6092,1083.44311808,5.622814800647592,0.4761122968313906,1.1711570686177137,12,300,6.86719820024748,,
sub-20171212-NTS-3,stim7,34,mua,2429,1083.44311808,2.2419266498314183,3.4184514003294892,1.084434303940756,12,300,4.194980743057839,,
sub-20171212-NTS-3,stim7,35,mua,8003,1083.44311808,7.386636055414097,1.274681329667583,0.838885956840292,13,300,3.9505170952695945,,
sub-20171212-NTS-3,stim7,36,mua,444,1083.44311808,0.40980462434135434,6.094808126410835,1.2676699159975695,15,300,6.524274304438064,,
sub-20171212-NTS-3,stim7,37,good,9297,1083.44311808,8.580976559688224,0.5486230636833046,0.6112236801578792,14,300,3.446832679463277,0.8390009898031484,1.0
sub-20171212-NTS-3,stim7,38,mua,3011,1083.44311808,2.779102981738329,2.990033222591362,1.0499639006331505,14,300,3.4042512501352413,,
sub-20171212-NTS-3,stim7,39,mua,3052,1083.44311808,2.816945300652733,1.5732546705998034,1.0312165631098023,17,300,10.782605119707354,,
sub-20171212-NTS-3,stim7,40,mua,2360,1083.44311808,2.17824079604864,13.141161509114033,1.1825625665985584,17,300,4.432714902653446,,
sub-20171212-NTS-3,stim7,41,mua,2420,1083.44311808,2.2336197993380122,4.381976023150062,1.086123635982804,16,300,3.880266294683261,,
sub-20171212-NTS-3,stim7,42,mua,3049,1083.44311808,2.8141763504882644,3.543307086614173,1.0489000453803152,16,300,3.2831195941684275,,
sub-20171212-NTS-3,stim7,44,mua,14136,1083.44311808,13.047293174976092,14.375663247258577,0.9948498879552056,17,300,4.996715140760536,,
sub-20171212-NTS-3,stim7,45,mua,3727,1083.44311808,3.4399590876581705,2.281266774020397,0.9990567505846636,18,300,5.492142709025471,,
sub-20171212-NTS-3,stim7,46,mua,2689,1083.44311808,2.481902330752031,7.626488095238096,1.096176303727565,18,300,4.691711837302977,,
sub-20171212-NTS-3,stim7,47,mua,5435,1083.44311808,5.016414714628966,5.391976444608024,0.9808214218125806,18,300,8.663698156011572,,
sub-20171212-NTS-3,stim7,48,mua,2872,1083.44311808,2.6508082907846164,0.034831069313827935,0.8602865248202181,18,300,12.151671359218016,,
sub-20171212-NTS-3,stim7,49,good,2639,1083.44311808,2.435753161344221,5.079605761940864,0.9518977170990357,18,300,14.282969964282518,1.5185538351551429,0.0
sub-20171212-NTS-3,stim7,50,mua,8397,1083.44311808,7.75029151034764,9.13530252501191,1.0532692604945886,18,300,4.9369043406145,,
sub-20171212-NTS-3,stim7,51,mua,7174,1083.44311808,6.621482826632604,12.630698452530323,1.1154207417074156,19,300,4.217341024528518,,
sub-20171212-NTS-3,stim7,52,mua,10523,1083.44311808,9.71255419356773,12.76373313058354,1.051325433842088,19,300,4.162407415228477,,
sub-20171212-NTS-3,stim7,53,mua,1031,1083.44311808,0.9515958731890458,1.4563106796116505,1.1755359885157022,21,300,3.7663193901758216,,
sub-20171212-NTS-3,stim7,54,mua,4535,1083.44311808,4.185729665288383,12.483458314953683,1.1471101704083049,20,300,3.2514179614662146,,
sub-20171212-NTS-3,stim7,55,mua,2380,1083.44311808,2.1967004638117644,1.1769651113913409,1.1855858259578196,21,300,5.013857653965154,,
sub-20171212-NTS-3,stim7,56,mua,9986,1083.44311808,9.216912114127847,9.113670505758638,1.0725910142625543,20,300,4.127189551957663,,
sub-20171212-NTS-3,stim7,57,mua,14212,1083.44311808,13.117439912475964,6.340159031735978,1.176126921761578,20,300,4.312110687024909,,
sub-20171212-NTS-3,stim7,58,mua,104,1083.44311808,0.09599027236824516,0.0,0.9004954617462226,21,104,7.245442643189435,,
sub-20171212-NTS-3,stim7,59,mua,734,1083.44311808,0.6774698069066534,6.139154160982264,1.3721217013603937,21,300,4.9480996734529565,,
sub-20171212-NTS-3,stim7,60,good,113,1083.44311808,0.10429712286165099,0.0,1.232550400669607,22,113,18.605598097037305,2.1829784674651096,1.0
sub-20171212-NTS-3,stim7,61,mua,117,1083.44311808,0.10798905641427581,18.96551724137931,1.4175852078250368,22,117,22.092544826844435,,
sub-20171212-NTS-3,stim7,62,mua,2435,1083.44311808,2.2474645501603554,4.971240755957272,1.2426644666479951,22,300,4.287868651825634,,
sub-20171212-NTS-3,stim7,63,mua,4468,1083.44311808,4.123889778281917,9.088873964629505,1.3092131638088251,22,300,4.13086205165887,,
sub-20171212-NTS-3,stim7,64,mua,5853,1083.44311808,5.402221770878259,3.588516746411483,1.0325582683620116,24,300,3.7080198255493286,,
sub-20171212-NTS-3,stim7,65,mua,6015,1083.44311808,5.551745079759564,7.3328899235118055,1.0689867371751236,24,300,3.700379606420932,,
sub-20171212-NTS-3,stim7,66,mua,17931,1083.44311808,16.550015133028886,6.162855549358617,0.9506726179763623,24,300,4.581626898393551,,
sub-20171212-NTS-3,stim7,67,mua,3048,1083.44311808,2.813253367100108,2.3629799803085003,1.0285329798323668,27,300,3.4900172445959474,,
sub-20171212-NTS-3,stim7,68,mua,4444,1083.44311808,4.101738176966168,5.446770200315102,1.1258243524100278,26,300,3.1447324497558693,,
sub-20171212-NTS-3,stim7,69,mua,7820,1083.44311808,7.217730095381511,6.931832715180969,1.0033880329984561,26,300,4.200387585970953,,
sub-20171212-NTS-3,stim7,70,mua,15594,1083.44311808,14.393002954907837,4.264734175591611,0.9484245537273194,27,300,4.790392788637887,,
sub-20171212-NTS-3,stim7,71,mua,5931,1083.44311808,5.474214475154443,5.767284991568297,1.05184361967496,28,300,2.7634976693367688,,
sub-20171212-NTS-3,stim7,72,mua,15518,1083.44311808,14.322856217407965,2.126699748662757,0.8108596416124392,28,300,4.1205376781445615,,
sub-20171212-NTS-3,stim7,73,mua,4216,1083.44311808,3.891297964466554,8.944246737841045,1.1318975528913422,28,300,2.75722727588311,,
sub-20171212-NTS-3,stim7,74,good,488,1083.44311808,0.4504158934202273,0.0,0.16529594717199525,10,300,19.060391046903234,6.005906808102296,1.0
sub-20171212-NTS-3,stim7,75,mua,912,1083.44311808,0.8417608499984576,2.1953896816684964,1.1871641675017632,31,300,3.453651339355796,,
sub-20171212-NTS-3,stim7,76,mua,3226,1083.44311808,2.9775444101919124,10.728682170542637,1.1819917354240332,30,300,3.4975901289303177,,
sub-20171212-NTS-3,stim7,77,good,1507,1083.44311808,1.3909359659513987,0.0,1.3421786681429269,31,300,12.704691301077917,2.1791529485736487,1.0
sub-20171212-NTS-3,stim7,78,good,149,1083.44311808,0.1375245248352743,25.0,1.4480917505384472,31,149,12.570779622891598,2.0151801049763227,0.0
sub-20171212-NTS-3,stim7,79,mua,12321,1083.44311808,11.372078325472582,16.40422077922078,1.0600002170920406,30,300,3.1511097403897153,,
sub-20171215-NTS-4,stim13,0,mua,4376,936.90580992,4.670693631810924,10.08,1.1343186929387485,1,300,2.0271436468606234,,
sub-20171215-NTS-4,stim13,1,good,434,936.90580992,0.46322692783499564,10.623556581986143,0.8566010174695654,0,300,13.819152804638941,1.7113602653355466,0.0
sub-20171215-NTS-4,stim13,2,mua,6957,936.90580992,7.425506306331946,11.213341000575044,1.059605829349243,1,300,2.7676185960633966,,
sub-20171215-NTS-4,stim13,3,good,694,936.90580992,0.7407361472753157,0.5772005772005772,0.6271163435196218,3,300,8.804958423003642,2.0513075062217285,1.0
sub-20171215-NTS-4,stim13,4,mua,8928,936.90580992,9.529239658319911,18.75210036966506,1.1125776278563668,2,300,2.438818390345022,,
sub-20171215-NTS-4,stim13,5,mua,7194,936.90580992,7.678466633283315,9.912414847768664,1.081733244817255,2,300,3.6940117888018373,,
sub-20171215-NTS-4,stim13,6,good,1373,936.90580992,1.465462147275228,2.478134110787172,1.0008776870226037,5,300,6.831532497490868,1.0764021187782427,1.0
sub-20171215-NTS-4,stim13,7,good,3025,936.90580992,3.2287130338729537,0.5621693121693121,0.9726680245913181,5,300,2.96729960272426,0.5563092225179012,1.0
sub-20171215-NTS-4,stim13,8,mua,4948,936.90580992,5.281213914579628,1.0915706488781078,0.9495244150942452,5,300,2.863174010179229,,
sub-20171215-NTS-4,stim13,9,good,17676,936.90580992,18.866357549334985,0.056577086280056574,0.16237999144497767,7,300,5.273212864896186,0.6478044310808777,1.0
sub-20171215-NTS-4,stim13,10,mua,2380,936.90580992,2.540276701030621,0.4203446826397646,0.9393451570799208,7,300,2.6463155609572557,,
sub-20171215-NTS-4,stim13,11,mua,11784,936.90580992,12.577571699556657,10.294492064839176,1.0921694831561588,8,300,5.399820156386819,,
sub-20171215-NTS-4,stim13,12,mua,10090,936.90580992,10.769492400587803,9.951432252948758,1.1396188064737942,8,300,3.6349506341819815,,
sub-20171215-NTS-4,stim13,13,mua,4229,936.90580992,4.513794188511974,8.987701040681173,1.1220305598274987,9,300,4.672446833033811,,
sub-20171215-NTS-4,stim13,14,mua,6610,936.90580992,7.055138232694288,8.533817521561508,1.0538231505545523,8,300,3.559794602581903,,
sub-20171215-NTS-4,stim13,15,good,1566,936.90580992,1.671459375552081,0.0,0.7577582992359946,11,300,4.375228104124354,0.6831735575825438,1.0
sub-20171215-NTS-4,stim13,16,mua,2387,936.90580992,2.5477481030924762,2.179379715004191,1.1147265471619288,10,300,3.9045791206601375,,
sub-20171215-NTS-4,stim13,17,mua,2154,936.90580992,2.2990571487478815,1.3469577333952625,1.0543641447383514,11,300,3.310382383543231,,
sub-20171215-NTS-4,stim13,18,good,362,936.90580992,0.3863782209130609,4.1551246537396125,1.5276995233733286,11,300,4.089653688400913,1.219275391611832,1.0
sub-20171215-NTS-4,stim13,19,mua,1774,936.90580992,1.893466751104337,0.6204173716864072,0.8670428710208291,10,300,3.4141365239640677,,
sub-20171215-NTS-4,stim13,20,good,1139,936.90580992,1.21570384977894,4.21792618629174,1.1885129959268566,11,300,11.396897244579133,1.5796858895359116,1.0
sub-20171215-NTS-4,stim13,21,good,679,936.90580992,0.7247259999999125,24.188790560471976,1.5300786235084913,12,300,4.845285620138628,0.7813570011239281,0.0
sub-20171215-NTS-4,stim13,22,good,2388,936.90580992,2.5488154462441694,29.702555509007123,1.7670747823786987,13,300,5.137841419504161,1.1278537788185334,0.0
sub-20171215-NTS-4,stim13,23,good,103,936.90580992,0.10993634462443445,3.9215686274509802,1.2118197945639553,13,103,7.95075773599131,0.5402030646969364,1.0
sub-20171215-NTS-4,stim13,24,mua,915,936.90580992,0.9766189837995876,0.6564551422319475,1.0733593654627935,15,300,2.7907155343253733,,
sub-20171215-NTS-4,stim13,25,mua,359,936.90580992,0.38317619145798026,0.5586592178770949,1.0202348644260857,15,300,2.667144835683422,,
sub-20171215-NTS-4,stim13,26,good,2075,936.90580992,2.214737039764092,0.7714561234329798,0.9815168383146481,14,300,3.229409550884836,0.7104509594056428,1.0
sub-20171215-NTS-4,stim13,27,good,2477,936.90580992,2.6438089867448946,0.36348949919224555,0.9285364301328478,15,300,10.091772274471216,1.3366995224599734,1.0
sub-20171215-NTS-4,stim13,28,good,26916,936.90580992,28.72860827098328,30.689206762028608,1.4635297100915865,14,300,3.219193553045786,1.0547223369800292,0.0
sub-20171215-NTS-4,stim13,29,mua,1366,936.90580992,1.4579907452133734,0.805860805860806,1.0753942902939304,17,300,3.801560984541813,,
sub-20171215-NTS-4,stim13,30,good,766,936.90580992,0.8175848541972504,0.0,0.9904984398969536,17,300,15.346739689431597,3.0622243224020833,1.0
sub-20171215-NTS-4,stim13,31,good,260,936.90580992,0.27750921944032,2.3166023166023164,1.3183697756307067,18,260,5.650974539884508,0.6722406089122558,1.0
sub-20171215-NTS-4,stim13,32,mua,388,936.90580992,0.4141291428570929,30.490956072351423,1.6514106226043608,19,300,4.3415312998119076,,
sub-20171215-NTS-4,stim13,33,mua,6948,936.90580992,7.415900217966705,3.2388081186123503,0.5355652275616474,18,300,5.916764695316798,,
sub-20171215-NTS-4,stim13,34,good,1909,936.90580992,2.0375580765829646,0.4716981132075472,1.2555546767937233,18,300,19.30883430962587,3.269820711297408,1.0
sub-20171215-NTS-4,stim13,35,mua,11778,936.90580992,12.571167640646495,0.6877812685743399,0.41940835908467056,21,300,4.140232395469055,,
sub-20171215-NTS-4,stim13,36,mua,4139,936.90580992,4.4177333048595555,0.8458192363460608,0.8780446926298213,21,300,3.879681265767508,,
sub-20171215-NTS-4,stim13,37,mua,6953,936.90580992,7.421236933725172,1.1939010356731876,0.7562569957131002,20,300,3.1676907923921367,,
sub-20171215-NTS-4,stim13,38,good,117,936.90580992,0.12487914874814399,0.0,1.2347594610280455,21,117,12.996059419161503,1.7791618084874434,1.0
sub-20171215-NTS-4,stim13,39,good,157,936.90580992,0.1675728748158855,45.51282051282051,1.8869508216790987,21,157,6.945944262266896,1.0302889996503795,0.0
sub-20171215-NTS-4,stim13,40,good,929,936.90580992,0.9915617879232972,0.21551724137931033,1.0227889229282983,14,300,4.423139844582221,0.6178303188228623,1.0
sub-20171215-NTS-4,stim13,41,good,2923,936.90580992,3.119844032400213,0.13689253935660506,0.8756773850066172,14,300,4.079006109198054,0.49877287696124334,1.0
sub-20171215-NTS-4,stim13,42,good,398,936.90580992,0.42480257437402824,0.0,0.8339980773139316,20,300,4.7805459993392825,0.7390176615841204,1.0
sub-20171215-NTS-4,stim13,43,good,2954,936.90580992,3.152931670102712,0.37250253979004405,0.9616583629546229,22,300,3.8639924793544793,0.5956724554939877,1.0
sub-20171215-NTS-4,stim13,44,mua,515,936.90580992,0.5496817231221722,0.0,0.608161718266525,22,300,10.377701251368844,,
sub-20171215-NTS-4,stim13,45,mua,9687,936.90580992,10.339353110455306,1.8893247986785051,0.5620122365860725,23,300,6.388504878005388,,
sub-20171215-NTS-4,stim13,46,mua,8781,936.90580992,9.37234021502096,0.23917995444191342,0.5491012080381582,23,300,4.054034993469537,,
sub-20171215-NTS-4,stim13,47,good,255,936.90580992,0.2721725036818523,0.0,0.6676815910711701,23,255,5.166169560291733,0.7682408904355656,1.0
sub-20171215-NTS-4,stim13,48,good,25398,936.90580992,27.108381366712486,0.019687364649368037,0.24668065173512546,24,300,5.202259399676265,1.070400897020688,1.0
sub-20171215-NTS-4,stim13,49,good,1120,936.90580992,1.195424329896763,0.3574620196604111,1.2579327562555584,18,300,19.77244702414291,2.661050446116225,1.0
sub-20171215-NTS-4,stim13,50,mua,264,936.90580992,0.2817785920470941,0.0,0.9950189364546952,25,264,5.68849537562757,,
sub-20171215-NTS-4,stim13,51,good,972,936.90580992,1.0374575434461193,6.591143151390319,1.198420468509567,26,300,3.9201108951082952,0.7857365991530085,0.0
sub-20171215-NTS-4,stim13,52,mua,3475,936.90580992,3.7090174521350456,0.2302820955670697,0.5929277701746763,26,300,4.6725512790934385,,
sub-20171215-NTS-4,stim13,53,mua,4901,936.90580992,5.231048786450032,0.2857142857142857,0.4926052807511555,27,300,4.166623730856928,,
sub-20171215-NTS-4,stim13,54,mua,4263,936.90580992,4.550083855669554,1.8770530267480057,0.8586543273381565,27,300,7.149320799003839,,
sub-20171215-NTS-4,stim13,55,mua,2023,936.90580992,2.159235195876028,0.3956478733926805,0.985947926285879,24,300,9.416781609614445,,
sub-20171215-NTS-4,stim13,56,good,111,936.90580992,0.11847508983798276,0.0,1.347514091006127,26,111,7.712242841297671,0.8746091498962595,1.0
sub-20171215-NTS-4,stim13,57,mua,728,936.90580992,0.777025814432896,0.6877579092159559,1.1311168274113461,27,300,3.730947700391061,,
sub-20171215-NTS-4,stim13,58,mua,48,936.90580992,0.05123247128128984,0.0,1.0176513485275265,18,48,18.363105737679174,,
sub-20171215-NTS-4,stim13,59,good,10017,936.90580992,10.691576350514174,5.980431309904153,0.9862499727857367,24,300,14.591957898440011,2.000158999306455,0.0
sub-20171215-NTS-4,stim13,60,mua,4473,936.90580992,4.774225917525197,1.8336314847942754,0.963146983661428,30,300,3.1878541162241163,,
sub-20171215-NTS-4,stim13,61,mua,33,936.90580992,0.03522232400588676,0.0,1.101733374883123,29,33,8.541274467341102,,
sub-20171215-NTS-4,stim13,62,mua,12090,936.90580992,12.904178703974878,0.7196625031019935,0.5461768734355316,28,300,2.7574004362543993,,
sub-20171215-NTS-4,stim13,63,mua,7850,936.90580992,8.378643740794276,0.3822142948146261,0.6461072156993454,28,300,3.7704142102467464,,
sub-20171215-NTS-4,stim13,64,mua,8347,936.90580992,8.909113287185965,0.4792715073088905,0.8103103847964133,30,300,4.9776836288296495,,
sub-20171215-NTS-4,stim13,65,mua,4450,936.90580992,4.749677025036246,3.5738368172623063,0.9130713743600738,31,300,4.552353899955792,,
sub-20171215-NTS-4,stim13,66,good,11303,936.90580992,12.064179643592064,14.882321712971155,1.3941222181295974,30,300,4.577326423389323,0.5600319327869901,0.0
sub-20171215-NTS-4,stim13,67,mua,4319,936.90580992,4.609855072164392,1.8990273274664196,0.9201923113740555,30,300,4.05794862377161,,
sub-20171215-NTS-4,stim13,68,good,153,936.90580992,0.16330350220911136,2.631578947368421,1.1508939960147382,31,153,14.220484144119764,1.6169239038125034,1.0
sub-20171215-NTS-4,stim13,69,good,6228,936.90580992,6.647413148747357,0.8832503613296933,0.39416241483376224,30,300,10.924263471408945,1.5335761829028738,1.0
sub-20171215-NTS-4,stim15,0,mua,1708,956.69399552,1.7853148530232346,1.9332161687170473,1.0248310342500047,0,300,2.1642465243092444,,
sub-20171215-NTS-4,stim15,1,mua,492,956.69399552,0.5142710232362011,0.40733197556008144,0.8972791059072339,0,300,8.011926963904713,,
sub-20171215-NTS-4,stim15,2,mua,284,956.69399552,0.2968556312989453,0.0,0.828817251272,0,284,7.653380814864124,,
sub-20171215-NTS-4,stim15,3,mua,5648,956.69399552,5.903664104142406,2.4969010093855144,1.0158645862123372,0,300,3.364398659115482,,
sub-20171215-NTS-4,stim15,4,mua,3471,956.69399552,3.628119352952955,0.11527377521613834,0.8618026149484614,3,300,11.36514695326207,,
sub-20171215-NTS-4,stim15,5,mua,677,956.69399552,0.7076452901034718,0.14792899408284024,0.8810540517996341,2,300,8.602993785522804,,
sub-20171215-NTS-4,stim15,6,mua,2019,956.69399552,2.1103926746217274,1.2388503468780971,1.0465497442234133,2,300,3.5769089919367016,,
sub-20171215-NTS-4,stim15,7,mua,2845,956.69399552,2.973782644526407,0.9142053445850914,0.9531851026065645,3,300,4.928685058645956,,
sub-20171215-NTS-4,stim15,8,mua,1949,956.69399552,2.037224033104382,7.597535934291582,1.1235868275060306,5,300,2.9498055367135425,,
sub-20171215-NTS-4,stim15,9,mua,6804,956.69399552,7.111991955486,2.866382478318389,0.9965803767974756,4,300,3.3278806486924015,,
sub-20171215-NTS-4,stim15,10,mua,214,956.69399552,0.22368698978159965,4.694835680751173,1.0543323220593845,7,214,9.204387445069482,,
sub-20171215-NTS-4,stim15,11,mua,2033,956.69399552,2.125026402925197,8.218503937007874,1.1091719689126134,7,300,2.4999581644193514,,
sub-20171215-NTS-4,stim15,12,mua,4790,956.69399552,5.006825612401226,9.33389016496137,1.0639059390737853,7,300,2.9896847031155054,,
sub-20171215-NTS-4,stim15,13,mua,7560,956.69399552,7.902213283873333,1.2435507342241037,0.705426163744606,8,300,5.961930198240708,,
sub-20171215-NTS-4,stim15,14,mua,1390,956.69399552,1.4529201672730072,3.095752339812815,1.0926766669693906,9,300,4.092792029243261,,
sub-20171215-NTS-4,stim15,15,mua,1807,956.69399552,1.8887962174549093,0.0,0.7573926765977306,9,300,27.768538687520245,,
sub-20171215-NTS-4,stim15,16,mua,6329,956.69399552,6.61549045947544,2.9235145385587864,0.7442502490844027,10,300,6.065807637174256,,
sub-20171215-NTS-4,stim15,17,good,451,956.69399552,0.4714151046331843,0.0,0.9154285505026554,10,300,16.09662407662479,1.9015087518776337,1.0
sub-20171215-NTS-4,stim15,18,mua,16337,956.69399552,17.076515663841093,0.4897159647404506,0.5611492711889728,11,300,7.282286939688615,,
sub-20171215-NTS-4,stim15,19,mua,174,956.69399552,0.18187633748597357,0.0,0.8006920738530808,9,174,24.95412263688236,,
sub-20171215-NTS-4,stim15,20,good,633,956.69399552,0.6616535725782831,1.2658227848101267,0.88887023514394,10,300,23.845796570730844,4.544405070862043,1.0
sub-20171215-NTS-4,stim15,21,mua,2695,956.69399552,2.816992698417809,0.33407572383073497,0.7974486265536036,11,300,6.27618815409172,,
sub-20171215-NTS-4,stim15,22,good,1806,956.69399552,1.8877509511475186,0.886426592797784,0.84540149309684,10,300,23.351395876820174,4.190972939379255,1.0
sub-20171215-NTS-4,stim15,23,good,4426,956.69399552,4.626348676511029,0.0,0.7994279868786481,12,300,16.869655884875765,2.67515291731709,1.0
sub-20171215-NTS-4,stim15,24,good,5504,956.69399552,5.753145755878152,0.09085953116481918,1.0533644530767643,12,300,5.643943818375158,0.5506452820721826,1.0
sub-20171215-NTS-4,stim15,25,mua,5379,956.69399552,5.62248746745432,4.7787281517292675,1.0258248248364272,13,300,3.789647176561225,,
sub-20171215-NTS-4,stim15,26,mua,10278,956.69399552,10.743247107361128,7.404884693976841,0.9864689434306636,13,300,4.96601299594005,,
sub-20171215-NTS-4,stim15,27,mua,6278,956.69399552,6.562181877798517,8.252349848653816,1.1344776856697183,14,300,3.4691903530203576,,
sub-20171215-NTS-4,stim15,28,mua,5590,956.69399552,5.843038658313748,3.5247808194668098,0.9760754805405314,14,300,3.5971338276701106,,
sub-20171215-NTS-4,stim15,29,mua,8887,956.69399552,9.28928167378073,0.045014629754670264,0.5291353555060199,16,300,13.020003414210194,,
sub-20171215-NTS-4,stim15,30,good,30953,956.69399552,32.35412801266287,0.898164900491083,0.42556491546342845,17,300,4.961354857298603,0.8621899932125747,1.0
sub-20171215-NTS-4,stim15,31,mua,687,956.69399552,0.7180979531773783,7.434402332361516,1.092704871244114,19,300,2.9650870341834095,,
sub-20171215-NTS-4,stim15,32,mua,894,956.69399552,0.9344680788072435,2.127659574468085,0.9945133848561156,18,300,5.108329889971034,,
sub-20171215-NTS-4,stim15,33,mua,3853,956.69399552,4.027411082376185,0.25960539979231567,0.7266180964393686,19,300,6.899193082279202,,
sub-20171215-NTS-4,stim15,34,mua,4845,956.69399552,5.064315259307712,11.705202312138727,1.1387635218370695,19,300,5.741570231716768,,
sub-20171215-NTS-4,stim15,35,mua,1243,956.69399552,1.299266020086581,4.26731078904992,1.2222341131122072,20,300,3.328954423394098,,
sub-20171215-NTS-4,stim15,36,mua,6330,956.69399552,6.616535725782831,7.536735661241903,1.0959186179967015,20,300,3.7959559931446316,,
sub-20171215-NTS-4,stim15,37,mua,741,956.69399552,0.7745423337764736,0.40540540540540543,1.0196443766143075,22,300,3.6190968739275338,,
sub-20171215-NTS-4,stim15,38,good,1848,956.69399552,1.931652136057926,0.2707092582566324,0.983551010736366,23,300,3.939500119977607,0.8101857801998201,1.0
sub-20171215-NTS-4,stim15,39,mua,2122,956.69399552,2.218055104282965,0.5657708628005658,1.1698691003838555,22,300,7.493580033551367,,
sub-20171215-NTS-4,stim15,40,mua,8568,956.69399552,8.955841721723111,3.9103536827360807,0.9555355953945207,24,300,3.0541990152995955,,
sub-20171215-NTS-4,stim15,41,mua,1756,956.69399552,1.835487635777986,3.8746438746438745,1.131555891102094,25,300,3.1500726124168343,,
sub-20171215-NTS-4,stim15,42,mua,1869,956.69399552,1.9536027285131297,9.207708779443255,1.1753295248912543,27,300,3.2348308134589803,,
sub-20171215-NTS-4,stim15,43,mua,4656,956.69399552,4.866759927210879,8.74328678839957,1.1475982726749676,27,300,4.366990172972714,,
sub-20171215-NTS-4,stim15,44,mua,595,956.69399552,0.6219334528974383,0.5050505050505051,1.0581783754812835,28,300,8.068229770879404,,
sub-20171215-NTS-4,stim15,45,good,3600,956.69399552,3.7629587066063492,0.30564045568213394,1.0419712421606846,28,300,3.444215846716807,0.599405879412694,1.0
sub-20171215-NTS-4,stim15,46,mua,8110,956.69399552,8.477109752938192,1.8867924528301887,1.1026434275971337,28,300,4.367564407248766,,
sub-20171215-NTS-4,stim15,47,good,2157,956.69399552,2.2546394250416375,0.8812615955473098,1.0056064834868363,31,300,9.883823909864752,1.2842471504416366,1.0
sub-20171215-NTS-4,stim15,48,good,9313,956.69399552,9.734565120729147,0.2147766323024055,0.8053233665514211,31,300,3.5744318444570555,0.7193082517470673,1.0
sub-20171215-NTS-4,stim15,49,good,12254,956.69399552,12.808693330765058,7.761364563780298,0.9897895083332028,31,300,14.616266774318285,1.8754362262423092,0.0
sub-20171215-NTS-4,stim17,0,mua,354,934.83962368,0.3786745780056664,1.41643059490085,0.9803906003451407,0,300,5.890522592128548,,
sub-20171215-NTS-4,stim17,1,mua,191,934.83962368,0.2043131197714189,5.7894736842105265,1.000719939093364,3,191,4.8477551231924805,,
sub-20171215-NTS-4,stim17,2,mua,5022,934.83962368,5.372044437131233,0.1593308105954989,0.5566416327101662,5,300,11.049263270780568,,
sub-20171215-NTS-4,stim17,3,mua,23514,934.83962368,25.1529774780374,0.03402373155275805,0.07836936745273576,6,300,5.150049077843197,,
sub-20171215-NTS-4,stim17,4,mua,3298,934.83962368,3.527877848199683,1.9714892326357294,1.1225846829608561,8,300,4.763161221661985,,
sub-20171215-NTS-4,stim17,5,mua,2679,934.83962368,2.865732187788645,0.597460791635549,0.9535905419347821,21,300,4.50149628550302,,
sub-20171215-NTS-4,stim17,6,good,478,934.83962368,0.5113176505274253,32.494758909853246,1.6087063473055474,10,300,7.7722649013932195,1.8093229874820007,0.0
sub-20171215-NTS-4,stim17,7,good,3450,934.83962368,3.690472582258613,0.3189330240649464,1.0076835443049685,10,300,2.9641999425988423,0.5060746549136251,1.0
sub-20171215-NTS-4,stim17,8,good,243,934.83962368,0.25993763405473713,0.0,1.1254518328194838,10,243,2.6441417647584218,0.5575316031258624,1.0
sub-20171215-NTS-4,stim17,9,mua,11921,934.83962368,12.751919899450703,0.07550335570469799,0.34913479136977055,13,300,38.6492618643101,,
sub-20171215-NTS-4,stim17,10,good,195,934.83962368,0.20859192856244335,0.0,0.9101889542146874,15,195,6.542124250845279,0.9522816135874722,1.0
sub-20171215-NTS-4,stim17,11,good,1684,934.83962368,1.8013785010213057,8.97207367795603,0.9476679909114752,15,300,10.154268052495981,2.3159951719848477,0.0
sub-20171215-NTS-4,stim17,12,mua,549,934.83962368,0.5872665065681097,0.36496350364963503,0.9267164193571594,14,300,3.8863721446495516,,
sub-20171215-NTS-4,stim17,13,mua,1370,934.83962368,1.465492010925884,0.5113221329437546,0.9989752528999698,15,300,7.312413694690327,,
sub-20171215-NTS-4,stim17,14,good,1448,934.83962368,1.5489287823508615,2.902557014512785,0.726520681257799,15,300,11.861443357344237,2.2992895484528453,1.0
sub-20171215-NTS-4,stim17,15,mua,2151,934.83962368,2.3009294273734135,1.7209302325581395,1.0574310429412535,17,300,4.110566460192394,,
sub-20171215-NTS-4,stim17,16,mua,5718,934.83962368,6.116557166769493,0.19240860591219172,0.3340258431747752,16,300,10.35401590490809,,
sub-20171215-NTS-4,stim17,17,mua,1117,934.83962368,1.1948573548935857,1.3440860215053763,1.0189362135880653,18,300,2.4891531574367614,,
sub-20171215-NTS-4,stim17,18,mua,2135,934.83962368,2.2838141922093156,0.6560449859418931,0.8628984284260036,29,300,3.2586971057855827,,
sub-20171215-NTS-4,stim17,19,mua,758,934.83962368,0.8108342658991388,3.963011889035667,1.293115454908947,18,300,3.9389507620409443,,
sub-20171215-NTS-4,stim17,20,mua,244,934.83962368,0.2610073362524932,4.11522633744856,1.2140621340338553,21,244,3.9697354747162095,,
sub-20171215-NTS-4,stim17,21,mua,98,934.83962368,0.10483081538009974,0.0,1.0018013587492505,18,98,2.451083940575238,,
sub-20171215-NTS-4,stim17,22,mua,1045,934.83962368,1.117838796655145,2.586206896551724,1.0205688144905267,19,300,3.3499607649532095,,
sub-20171215-NTS-4,stim17,23,mua,51,934.83962368,0.05455481208556211,26.0,1.531855264312664,20,51,12.704217071308445,,
sub-20171215-NTS-4,stim17,24,good,420,934.83962368,0.44927492305757033,0.47732696897374705,1.0793964560485585,21,300,14.595189417217517,1.9333925946853552,1.0
sub-20171215-NTS-4,stim17,25,good,1098,934.83962368,1.1745330131362195,2.734731084776664,1.039606498209991,21,300,3.668858698845929,0.6022647804327116,1.0
sub-20171215-NTS-4,stim17,26,mua,183,934.83962368,0.1957555021893699,1.098901098901099,1.0490339330645275,13,183,9.225936662493124,,
sub-20171215-NTS-4,stim17,27,good,1302,934.83962368,1.392752261478468,5.073020753266718,1.243314474261267,21,300,6.201081434181538,0.7402707221343295,0.0
sub-20171215-NTS-4,stim17,28,good,2396,934.83962368,2.563006465823663,0.16701461377870563,0.790085936721161,20,300,3.4179773706338765,0.607477494462457,1.0
sub-20171215-NTS-4,stim17,29,good,2485,934.83962368,2.6582099614239576,0.28180354267310787,0.9131028337948501,21,300,5.874462600066645,0.8521525003047655,1.0
sub-20171215-NTS-4,stim17,30,good,394,934.83962368,0.4214626659159112,0.7633587786259541,0.9773113614438956,21,300,13.765106748082983,2.2402550107067647,1.0
sub-20171215-NTS-4,stim17,31,good,2486,934.83962368,2.6592796636217138,0.7243460764587526,1.302809254708203,21,300,3.162538461982913,0.6564918392784862,1.0
sub-20171215-NTS-4,stim17,32,good,526,934.83962368,0.562663356019719,1.9047619047619049,0.6582581356224017,22,300,7.337766581180079,1.0390959710303451,1.0
sub-20171215-NTS-4,stim17,33,good,6545,934.83962368,7.001200884313804,0.8251833740831296,0.3820399360513515,22,300,5.83326481155747,0.8207945965281331,1.0
sub-20171215-NTS-4,stim17,34,mua,258,934.83962368,0.2759831670210789,0.7782101167315175,1.3447778003221196,23,258,6.576764989172112,,
sub-20171215-NTS-4,stim17,35,good,5050,934.83962368,5.401996098668405,3.782927312339077,0.76464067470108,29,300,4.094601074371863,0.744919083097606,1.0
sub-20171215-NTS-4,stim17,36,mua,4753,934.83962368,5.084294545934838,0.4629629629629629,0.48010346362205897,24,300,5.471439447327152,,
sub-20171215-NTS-4,stim17,37,mua,2774,934.83962368,2.967353896575476,0.288496213487198,0.813347078064329,24,300,3.7014366612759377,,
sub-20171215-NTS-4,stim17,38,mua,79,934.83962368,0.08450647362273346,0.0,1.1122177539732208,24,79,9.332721790682836,,
sub-20171215-NTS-4,stim17,39,mua,479,934.83962368,0.5123873527251813,0.20920502092050208,0.9243900668523178,25,300,3.4864523269445127,,
sub-20171215-NTS-4,stim17,40,good,1085,934.83962368,1.16062688456539,1.8450184501845017,1.0760409590202795,24,300,4.20519029764507,0.7573194619567477,1.0
sub-20171215-NTS-4,stim17,41,good,12397,934.83962368,13.261098145582617,15.811552113585028,1.837035910880608,26,300,6.557938182480068,0.7828546667175478,0.0
sub-20171215-NTS-4,stim17,42,good,2129,934.83962368,2.277395979022779,0.046992481203007516,0.9814505497577946,26,300,4.926154500145056,0.7319307756333377,1.0
sub-20171215-NTS-4,stim17,43,mua,178,934.83962368,0.19040699120058932,3.954802259887006,1.046590502026277,26,178,18.78350071933037,,
sub-20171215-NTS-4,stim17,44,mua,62,934.83962368,0.06632153626087943,6.557377049180328,1.2962912419959522,26,62,21.582736919689637,,
sub-20171215-NTS-4,stim17,45,mua,887,934.83962368,0.9488258494096783,4.401805869074492,1.2019849183647802,26,300,6.490411107776,,
sub-20171215-NTS-4,stim17,46,mua,658,934.83962368,0.7038640461235268,2.28310502283105,1.0695723575267624,27,300,5.823675865337234,,
sub-20171215-NTS-4,stim17,47,good,927,934.83962368,0.991613937319923,0.0,1.4453931672644649,27,300,4.879072775533219,0.6709722342391908,1.0
sub-20171215-NTS-4,stim17,48,mua,3134,934.83962368,3.3524466877676793,0.4149377593360996,0.3737158011334579,26,300,5.806492730723337,,
sub-20171215-NTS-4,stim17,49,mua,2509,934.83962368,2.6838828141701043,3.787878787878788,1.056919545786571,26,300,3.563712719542551,,
sub-20171215-NTS-4,stim17,50,mua,71,934.83962368,0.0759488560406845,0.0,0.9439952909202377,21,71,14.077854069053398,,
sub-20171215-NTS-4,stim17,51,good,868,934.83962368,0.928501507652312,0.2306805074971165,0.6938430975978448,26,300,15.49974357161109,1.942295247551411,1.0
sub-20171215-NTS-4,stim17,52,mua,4937,934.83962368,5.281119750321963,2.188006482982172,1.0067367990373193,27,300,3.6445149345134804,,
sub-20171215-NTS-4,stim17,53,good,2685,934.83962368,2.8721504009751815,49.18032786885246,1.9056517883924837,26,300,21.43147428016974,3.2126793464409262,0.0
sub-20171215-NTS-4,stim17,54,mua,5851,934.83962368,6.258827559071057,1.6752136752136753,0.8225186144356444,29,300,3.821992768958333,,
sub-20171215-NTS-4,stim17,55,mua,56,934.83962368,0.05990332307434271,5.454545454545454,1.3340498930167566,28,56,20.77167630153007,,
sub-20171215-NTS-4,stim17,56,good,264,934.83962368,0.2824013802076156,0.0,1.0598872840606781,21,264,11.731281206972634,1.4390814310621618,1.0
sub-20171215-NTS-4,stim17,57,mua,1002,934.83962368,1.071841602151632,1.098901098901099,1.1057919211020175,29,300,7.936191458912525,,
sub-20171215-NTS-4,stim17,58,mua,1786,934.83962368,1.91048812519243,0.16806722689075632,0.7044908814885232,28,300,7.204185599015425,,
sub-20171215-NTS-4,stim17,59,mua,3371,934.83962368,3.60596610863588,0.17804154302670622,0.5066730597738861,29,300,4.539017413934487,,
sub-20171215-NTS-4,stim17,60,good,217,934.83962368,0.232125376913078,0.0,1.5833802842381772,28,217,6.077331464294779,1.0351457106043505,1.0
sub-20171215-NTS-4,stim17,61,mua,2571,934.83962368,2.750204350430984,1.7898832684824901,1.0901218381166626,28,300,4.10625333264533,,
sub-20171215-NTS-4,stim17,62,mua,220,934.83962368,0.23533448350634634,0.0,1.0055340342769552,29,220,3.3056306153162556,,
sub-20171215-NTS-4,stim17,63,good,376,934.83962368,0.40220802635630104,1.0666666666666667,1.552285160226999,29,300,10.976072332669602,1.8633026072362788,1.0
sub-20171215-NTS-4,stim17,64,good,9651,934.83962368,10.323695910544313,1.5129533678756477,0.6307820676087368,30,300,4.778157982693545,1.0598352518600314,1.0
sub-20171215-NTS-4,stim17,65,good,1620,934.83962368,1.732917560364914,28.8449660284126,1.576360368570038,30,300,5.805406638642278,0.8487837166379922,0.0
sub-20171215-NTS-4,stim17,66,mua,106,934.83962368,0.11338843296214869,0.0,1.126257267324093,30,106,4.92305522989382,,
sub-20171215-NTS-4,stim17,67,mua,148,934.83962368,0.15831592526790572,0.0,1.4604201781352784,30,148,5.830959084831828,,
sub-20171215-NTS-4,stim17,68,good,12474,934.83962368,13.343465214809838,0.641385392447687,0.23703464733201984,31,300,13.444547311621045,1.6288349087871705,1.0
sub-20171215-NTS-4,stim17,69,good,357,934.83962368,0.38188368459893474,0.2808988764044944,1.0705600243036744,21,300,14.195051193469016,1.5449531525047233,1.0
sub-20171215-NTS-4,stim17,70,good,5041,934.83962368,5.3923687788886,5.198412698412699,0.5814584251891558,31,300,7.566886962135786,1.140691333907785,0.0
sub-20171215-NTS-4,stim17,71,mua,132,934.83962368,0.1412006901038078,0.0,1.0031408994324873,30,132,11.448298897643665,,
sub-20171215-NTS-4,stim17,72,mua,3605,934.83962368,3.856276422910812,4.217536071032186,1.180809353485696,31,300,5.521951773147226,,
sub-20171215-NTS-4,stim17,73,good,898,934.83962368,0.9605925735849956,0.2229654403567447,1.3058705226881033,31,300,4.761338026206688,0.9066461401869096,1.0
sub-20171215-NTS-4,stim17,74,mua,404,934.83962368,0.43215968789347237,0.0,0.8380583278998379,31,300,8.980478691925908,,
sub-20171215-NTS-4,stim17,75,good,260,934.83962368,0.27812257141659114,0.3861003861003861,1.0321351389736648,21,260,14.597186063239176,1.5594236149343752,1.0
sub-20171215-NTS-4,stim17,76,mua,1219,934.83962368,1.30396697906471,0.8210180623973727,1.228985618107499,31,300,6.417000132527336,,
sub-20171215-NTS-4,stim17,77,mua,1895,934.83962368,2.027085664747847,0.6863780359028511,0.9207543204876477,31,300,5.342180236315853,,
sub-20171215-NTS-4,stim17,78,good,1502,934.83962368,1.6066927010296919,0.39973351099267157,0.9542013262077319,30,300,17.20415453885663,2.3520497362890125,1.0
sub-20171215-NTS-4,stim17,79,good,1784,934.83962368,1.9083487207969176,9.927089175546831,1.1518785960811726,30,300,7.048614429692171,1.1350542165823032,0.0
sub-20171215-NTS-4,stim17,80,good,2332,934.83962368,2.4945455251672715,0.6435006435006435,0.4700375041801368,30,300,7.618408676311127,1.1044782300758698,1.0
sub-20171215-NTS-4,stim17,81,mua,5206,934.83962368,5.56886964151836,3.688760806916427,1.013826664518394,30,300,6.3468670096901905,,
sub-20171215-NTS-4,stim17,82,mua,4435,934.83962368,4.744129247048392,1.5561569688768606,0.8120280534357457,30,300,5.746847907675101,,
sub-20171215-NTS-4,stim3,0,good,192,983.0975488,0.19530106675005066,0.5235602094240838,1.2625053921888902,0,192,6.369362473439123,1.2400889193629272,1.0
sub-20171215-NTS-4,stim3,1,mua,5600,983.0975488,5.696281113543145,18.53902482586176,1.110822415181327,1,300,2.9274827846810654,,
sub-20171215-NTS-4,stim3,2,mua,3443,983.0975488,3.502195691773044,14.787914003486344,1.1038121452100618,1,300,2.884201914004623,,
sub-20171215-NTS-4,stim3,3,mua,5697,983.0975488,5.794948839974159,6.548455056179775,0.9431287803691496,3,300,3.677483320816822,,
sub-20171215-NTS-4,stim3,4,mua,2626,983.0975488,2.6711489650293387,16.038095238095238,1.1515771750526065,3,300,2.795899025752188,,
sub-20171215-NTS-4,stim3,5,mua,3548,983.0975488,3.609000962651978,16.746546377220188,1.1606703733612727,5,300,3.2451769890852358,,
sub-20171215-NTS-4,stim3,6,mua,1788,983.0975488,1.8187411841098469,11.52770005595971,1.124174158101431,5,300,2.5897788576541365,,
sub-20171215-NTS-4,stim3,7,mua,1445,983.0975488,1.4698439659053293,11.28808864265928,1.0989391296263162,7,300,2.3547980197699303,,
sub-20171215-NTS-4,stim3,8,mua,2705,983.0975488,2.751507216452537,0.6656804733727811,0.9031679609734709,7,300,3.651021130427359,,
sub-20171215-NTS-4,stim3,9,mua,1731,983.0975488,1.7607611799184255,11.329479768786127,1.101462205487872,9,300,3.1424950337718345,,
sub-20171215-NTS-4,stim3,10,mua,3477,983.0975488,3.5367802556766987,5.264672036823936,1.0218110167223569,8,300,4.04272608183775,,
sub-20171215-NTS-4,stim3,11,mua,1593,983.0975488,1.6203885381918266,5.21356783919598,1.0620622346711674,11,300,3.360751852818949,,
sub-20171215-NTS-4,stim3,12,mua,2193,983.0975488,2.230704371785735,9.397810218978101,1.1172177605161449,13,300,3.1597417472870597,,
sub-20171215-NTS-4,stim3,15,mua,4143,983.0975488,4.214230830965937,4.176726219217769,1.1340583593105122,22,300,4.133564332642406,,
sub-20171215-NTS-4,stim3,16,mua,1857,983.0975488,1.8889275049731462,0.10775862068965517,1.1762490735961402,25,300,3.0696583822307963,,
sub-20171215-NTS-4,stim3,17,mua,261,983.0975488,0.2654873876133501,1.9230769230769231,1.028071062803324,26,261,2.8226030799437987,,
sub-20171215-NTS-4,stim3,18,mua,502,983.0975488,0.5106309141069033,2.5948103792415167,1.236032285857982,31,300,3.3289874460973072,,
sub-20171215-NTS-4,stim3,19,mua,150,983.0975488,0.15257895839847707,2.013422818791946,1.2998741099164313,31,150,7.074886548736575,,
sub-20171215-NTS-4,stim3,20,mua,2346,983.0975488,2.3863349093521817,2.9850746268656714,1.148957640080688,30,300,3.2045808709887855,,
sub-20171215-NTS-4,stim5,0,mua,17,962.80018944,0.017656830759337327,43.75,1.4841580898771298,7,17,55.156376114142425,,
sub-20171215-NTS-4,stim5,1,mua,16,962.80018944,0.016618193655846897,13.333333333333334,1.5654924449677965,17,16,46.81393447595125,,
sub-20171215-NTS-4,stim5,2,mua,80,962.80018944,0.08309096827923448,26.582278481012654,0.8914888790417171,21,80,8.282135635947462,,
sub-20171215-NTS-4,stim5,3,mua,3171,962.80018944,3.293518255168157,3.9116719242902205,1.1412318919943036,14,300,2.960515540879478,,
sub-20171215-NTS-4,stim5,4,good,660,962.80018944,0.6855004883036845,0.4552352048558422,1.1659680971361615,14,300,4.361295155467975,0.5075640844680949,1.0
sub-20171215-NTS-4,stim5,5,mua,673,962.80018944,0.6990027706490601,3.7202380952380953,1.0941815977470721,15,300,5.068767408304327,,
sub-20171215-NTS-4,stim5,6,mua,1890,962.80018944,1.9630241255969147,5.293806246691371,1.2529027696216413,14,300,2.9835593084666616,,
sub-20171215-NTS-4,stim5,7,good,3600,962.80018944,3.739093572565552,3.5565434843011943,1.1716522665783584,14,300,3.243581117651824,0.464880043264288,1.0
sub-20171215-NTS-4,stim5,8,mua,674,962.80018944,0.7000414077525505,2.674591381872214,1.2423632428868194,16,300,3.1205496325146034,,
sub-20171215-NTS-4,stim5,9,mua,1988,962.80018944,2.064810561738977,4.831404126824358,1.2815839242407026,18,300,2.6632359072865315,,
sub-20171215-NTS-4,stim5,10,mua,269,962.80018944,0.27939338083892595,0.0,0.666980664392264,20,269,10.928527158504064,,
sub-20171215-NTS-4,stim5,11,mua,606,962.80018944,0.6294140847152012,1.1570247933884297,1.3063913665031421,20,300,8.001594758389855,,
sub-20171215-NTS-4,stim5,12,mua,1756,962.80018944,1.823846753729197,24.045584045584047,1.6317336601665258,20,300,5.815788910487642,,
sub-20171215-NTS-4,stim5,13,good,15252,962.80018944,15.841293102436055,22.516556291390728,1.73825526320812,21,300,5.735664369441627,0.7800418348328784,0.0
sub-20171215-NTS-4,stim5,14,mua,6040,962.80018944,6.273368105082204,35.83374730915715,1.3150140013591527,20,300,4.438459441226719,,
sub-20171215-NTS-4,stim5,15,good,392,962.80018944,0.407145744568249,0.0,1.1314172098532878,23,300,10.2957611124567,0.9694543359254674,1.0
sub-20171215-NTS-4,stim5,16,mua,1146,962.80018944,1.1902781206000341,3.14410480349345,1.5167541007069711,22,300,4.399385392113545,,
sub-20171215-NTS-4,stim5,17,mua,1658,962.80018944,1.7220603175871347,9.535304767652383,1.368416429380595,23,300,3.4279983653876633,,
sub-20171215-NTS-4,stim5,18,good,1901,962.80018944,1.9744491337353096,36.21052631578948,1.75518295545407,22,300,6.664577191841417,0.8952101986928152,0.0
sub-20171215-NTS-4,stim5,19,good,1066,962.80018944,1.1071871523207995,23.004694835680752,1.619619599587574,23,300,4.522598349740194,0.7317928590405248,0.0
sub-20171215-NTS-4,stim5,20,good,4734,962.80018944,4.916908047923701,1.1409254172829073,1.1177166267257588,26,300,3.8170785308566964,0.6854929626329576,1.0
sub-20171215-NTS-4,stim5,21,mua,827,962.80018944,0.8589528845865865,2.4213075060532687,1.306582663395978,27,300,1.9946764289121957,,
sub-20171215-NTS-4,stim5,22,mua,9311,962.80018944,9.670750070599404,19.828141783029,1.1059123706270484,26,300,4.859213734293324,,
sub-20171215-NTS-4,stim5,23,mua,14098,962.80018944,14.642705885008098,4.3413492232389865,0.6024277996182966,26,300,6.099631353603302,,
sub-20171215-NTS-4,stim5,24,mua,1311,962.80018944,1.3616532426759551,9.389312977099237,1.4546539970124217,26,300,3.0945827855567694,,
sub-20171215-NTS-4,stim5,25,mua,2313,962.80018944,2.4023676203733673,2.378892733564014,1.2685571705672785,30,300,3.827501688831098,,
sub-20171215-NTS-4,stim5,26,good,1841,962.80018944,1.9121309075258837,15.760869565217392,1.3964383601189934,30,300,12.01571781547562,1.2765618308760325,0.0
sub-20171215-NTS-4,stim5,27,mua,1140,962.80018944,1.1840462979790916,4.56540825285338,1.2104028172412653,31,300,4.323150312519906,,
sub-20171215-NTS-4,stim5,28,good,7786,962.80018944,8.086828487776497,0.6551059730250481,0.648964713317574,30,300,19.848843789460243,2.9616506603623507,1.0
sub-20171215-NTS-4,stim7,0,mua,824,914.33848832,0.9011979814105961,6.561360874848117,1.106339276838159,3,300,1.8053983737755834,,
sub-20171215-NTS-4,stim7,1,good,736,914.33848832,0.8049535367939306,0.9523809523809524,0.906251500176118,5,300,3.4846005807323075,0.6056102046434294,1.0
sub-20171215-NTS-4,stim7,2,mua,28,914.33848832,0.03062323237802997,14.814814814814813,1.293158332396921,15,28,7.414083789905904,,
sub-20171215-NTS-4,stim7,4,mua,42,914.33848832,0.04593484856704495,4.878048780487805,1.103594630460321,10,42,4.282013235261712,,
sub-20171215-NTS-4,stim7,5,good,4314,914.33848832,4.718165159957903,0.5564572223510317,0.8837548124594204,13,300,2.3753790570684234,0.45298459462066487,1.0
sub-20171215-NTS-4,stim7,6,mua,1476,914.33848832,1.6142818210704368,5.220338983050848,1.2168285121229028,14,300,3.3048693166190786,,
sub-20171215-NTS-4,stim7,7,mua,50,914.33848832,0.054684343532196374,2.0408163265306123,0.9255947655405327,18,50,3.550789108243353,,
sub-20171215-NTS-4,stim7,8,mua,749,914.33848832,0.8191714661123016,1.2032085561497325,1.1609697829425543,18,300,5.531944698581246,,
sub-20171215-NTS-4,stim7,9,good,31465,914.33848832,34.412857384811176,0.10170353419781336,0.217138926883548,18,300,7.930423512121419,1.0275909861104398,1.0
sub-20171215-NTS-4,stim7,10,mua,1246,914.33848832,1.3627338408223335,5.542168674698795,1.4001582876232395,30,300,1.9465874466519497,,
sub-20171215-NTS-4,stim7,11,mua,6445,914.33848832,7.048811881300113,13.997517070142768,1.1602447111399492,21,300,3.5649215894510697,,
sub-20171215-NTS-4,stim7,12,mua,1863,914.33848832,2.037538640009637,18.421052631578945,1.5877347691757566,21,300,6.497711395938002,,
sub-20171215-NTS-4,stim7,13,mua,321,914.33848832,0.3510734854767007,0.3125,0.969927866291891,23,300,6.009756022382958,,
sub-20171215-NTS-4,stim7,14,mua,9258,914.33848832,10.12535304842148,35.65950091822405,1.2022199086456276,23,300,3.5883287467391227,,
sub-20171215-NTS-4,stim7,15,mua,11504,914.33848832,12.58177375988774,13.031383117447623,1.2126175691954713,23,300,4.020307676861411,,
sub-20171215-NTS-4,stim7,16,mua,21257,914.33848832,23.248501809277965,4.210575837410613,0.7808773965184546,24,300,5.013298801824227,,
sub-20171215-NTS-4,stim7,17,mua,2299,914.33848832,2.5143861156103893,2.1322889469103568,1.1183022345791236,24,300,3.2509723445514225,,
sub-20171215-NTS-4,stim7,18,mua,1166,914.33848832,1.2752388911708195,0.7725321888412017,1.4345412414176155,25,300,6.118543027075694,,
sub-20171215-NTS-4,stim7,19,mua,32,914.33848832,0.034997979860605676,0.0,1.0966805396370642,25,32,13.123101002899178,,
sub-20171215-NTS-4,stim7,20,good,1769,914.33848832,1.9347320741691076,48.41628959276018,1.878368456758564,25,300,14.594856353743353,1.5885040450663899,0.0
sub-20171215-NTS-4,stim7,21,good,782,914.33848832,0.8552631328435513,1.6645326504481435,1.188976677614336,26,300,3.298009758688359,0.6617696249011346,1.0
sub-20171215-NTS-4,stim7,22,mua,10787,914.33848832,11.797600273636045,0.7509734841461153,0.47218160507551576,27,300,4.914359298680146,,
sub-20171215-NTS-4,stim7,23,mua,2117,914.33848832,2.3153351051531943,2.0321361058601135,1.1154480021272135,26,300,3.0935682837131346,,
sub-20171215-NTS-4,stim7,24,mua,309,914.33848832,0.33794924302897356,25.649350649350648,1.4054502942936002,26,300,8.392846102061208,,
sub-20171215-NTS-4,stim7,25,mua,634,914.33848832,0.69339747598825,2.0537124802527646,1.1869943041092264,26,300,6.0037246420743315,,
sub-20171215-NTS-4,stim7,26,mua,6159,914.33848832,6.736017436295949,11.010068203962325,1.1685154475352173,30,300,2.804354252429347,,
sub-20171215-NTS-4,stim7,27,good,1605,914.33848832,1.7553674273835036,1.3715710723192018,1.0928523888512403,31,300,7.2204019091744,1.1103289812635968,1.0
sub-20171215-NTS-4,stim7,28,good,1235,914.33848832,1.3507032852452503,2.99837925445705,1.497845922484218,30,300,7.531720810029729,0.8235761243123969,1.0
sub-20171215-NTS-4,stim7,29,mua,8655,914.33848832,9.465859865423193,15.87705107464756,1.1270946201899008,30,300,3.6344028081719086,,
sub-20171220-NTS-5,stim3,0,mua,4038,949.37239552,4.2533362240728145,5.177111716621254,0.5804446330913731,0,300,3.3957000649365123,,
sub-20171220-NTS-5,stim3,1,mua,1282,949.37239552,1.350365784859175,4.29352068696331,1.2416749305633383,2,300,3.673822873815746,,
sub-20171220-NTS-5,stim3,2,mua,1152,949.37239552,1.2134332169717392,7.471763683753258,1.2001224754633106,19,300,2.2041994472051165,,
sub-20171220-NTS-5,stim3,3,mua,1217,949.37239552,1.281899500915457,5.756578947368421,1.088793048318265,17,300,1.5070512070531603,,
sub-20171220-NTS-5,stim3,4,mua,1397,949.37239552,1.4714984410672913,0.501432664756447,0.8523100797126297,11,300,7.001886318646854,,
sub-20171220-NTS-5,stim3,5,mua,1106,949.37239552,1.1649801544884926,18.733031674208146,1.0725304214194116,10,300,2.3420565314802286,,
sub-20171220-NTS-5,stim3,6,mua,7103,949.37239552,7.481784843880437,13.36243311743171,0.8873026724779774,10,300,3.411672982283089,,
sub-20171220-NTS-5,stim3,7,mua,4853,949.37239552,5.111798091982509,8.017312448474856,1.112731166007771,13,300,4.225773532330311,,
sub-20171220-NTS-5,stim3,8,good,1615,949.37239552,1.7011238241400684,0.12391573729863693,0.34231853981220883,12,300,9.166847936246814,3.354674258075094,1.0
sub-20171220-NTS-5,stim3,9,good,10020,949.37239552,10.55434100178544,1.3973450444156104,0.6768939879299796,13,300,11.811967169224738,2.8991077582137916,1.0
sub-20171220-NTS-5,stim3,10,mua,18993,949.37239552,20.005848168354376,24.399747262005057,0.948186283233943,13,300,5.038271219426285,,
sub-20171220-NTS-5,stim3,11,mua,2827,949.37239552,2.9777566878290855,9.023354564755838,1.2499969358211191,14,300,4.536759112382044,,
sub-20171220-NTS-5,stim3,12,good,2488,949.37239552,2.6206786838764646,0.0,0.9660199365514452,14,300,14.967339851597398,2.344525228057145,1.0
sub-20171220-NTS-5,stim3,13,mua,15400,949.37239552,16.221242657434708,27.690109747386195,1.0681892354187528,14,300,7.106858123289179,,
sub-20171220-NTS-5,stim3,14,good,229,949.37239552,0.24121198497094468,0.0,0.9249399996901914,19,229,14.542160093453942,1.962222681234655,1.0
sub-20171220-NTS-5,stim3,15,mua,18781,949.37239552,19.78254274995333,0.2981895633652822,0.4210489133479715,16,300,2.534118495229256,,
sub-20171220-NTS-5,stim3,16,mua,22693,949.37239552,23.90315971591986,4.900405429226159,0.8138777441790274,17,300,4.047435575579526,,
sub-20171220-NTS-5,stim3,17,good,863,949.37239552,0.9090215852835164,0.46403712296983757,0.9446249940572005,17,300,4.555854095062613,0.7529023265759696,1.0
sub-20171220-NTS-5,stim3,18,mua,13383,949.37239552,14.096681200288876,1.9130174861754594,0.5722572295508509,16,300,4.841035772077946,,
sub-20171220-NTS-5,stim3,19,mua,1631,949.37239552,1.7179770632646758,0.5521472392638037,0.8876282532431781,18,300,4.440549709402078,,
sub-20171220-NTS-5,stim3,20,mua,14246,949.37239552,15.005702785572392,2.141102141102141,0.7758523592964889,18,300,4.658405274062445,,
sub-20171220-NTS-5,stim3,21,mua,393,949.37239552,0.41395768599817145,0.0,0.45203505153045664,18,300,26.587771830066163,,
sub-20171220-NTS-5,stim3,22,good,1418,949.37239552,1.4936183174183386,0.0,0.9515107192587567,18,300,7.315661132216365,2.258795452255974,1.0
sub-20171220-NTS-5,stim3,23,mua,6886,949.37239552,7.253212788252948,0.04357298474945533,0.36357242018822145,18,300,16.257947445366288,,
sub-20171220-NTS-5,stim3,24,mua,11628,949.37239552,12.248091533808493,1.358905994667584,0.36498981736092573,19,300,5.639873025863358,,
sub-20171220-NTS-5,stim3,25,mua,4243,949.37239552,4.469268350356848,3.7953795379537953,1.08448531469726,20,300,3.9706132538458427,,
sub-20171220-NTS-5,stim3,26,good,253,949.37239552,0.2664918436578559,0.0,1.3440861774736161,20,253,9.048836817926375,1.4988043060603131,1.0
sub-20171220-NTS-5,stim3,27,good,6964,949.37239552,7.335372328985409,0.0,0.4453525672661038,22,300,7.643133817405988,1.3225358365172069,1.0
sub-20171220-NTS-5,stim3,28,mua,7684,949.37239552,8.093768089592746,6.312638292333723,0.9993115140291616,21,300,3.5495531289431757,,
sub-20171220-NTS-5,stim3,29,mua,3074,949.37239552,3.2379285668152136,1.7246989912137978,0.9519317344684185,22,300,3.975137907426588,,
sub-20171220-NTS-5,stim3,30,good,551,949.37239552,0.5803834223536704,0.5454545454545455,0.8614888944871504,22,300,8.875767396352213,1.050991783462172,1.0
sub-20171220-NTS-5,stim3,31,good,385,949.37239552,0.40553106643586767,0.78125,0.8788239702897461,22,300,5.428540124912047,1.1165617313305358,1.0
sub-20171220-NTS-5,stim3,32,mua,997,949.37239552,1.050167462952104,4.518072289156627,1.121361351136478,23,300,3.2245375852379614,,
sub-20171220-NTS-5,stim3,33,good,548,949.37239552,0.5772234400178065,0.3656307129798903,1.1775654925221815,22,300,4.283512310426715,0.723730187417494,1.0
sub-20171220-NTS-5,stim3,34,good,1572,949.37239552,1.6558307439926858,0.7001909611712286,0.914562905236328,23,300,3.1357421479263263,0.950612529565986,1.0
sub-20171220-NTS-5,stim3,35,good,13984,949.37239552,14.729730994906944,1.8379460773796752,0.7783012269605076,25,300,3.482194093558697,0.8107286665435476,1.0
sub-20171220-NTS-5,stim3,36,good,11417,949.37239552,12.025839442852732,0.3328661527680449,0.267298178130235,24,300,6.411162538931309,1.1566893279976251,1.0
sub-20171220-NTS-5,stim3,37,good,1793,949.37239552,1.8886161094013267,0.7254464285714286,1.0132165085817024,24,300,3.3650689212773903,0.6017839995995967,1.0
sub-20171220-NTS-5,stim3,38,good,471,949.37239552,0.49611722673063297,1.4893617021276597,1.007490560293449,25,300,5.005204978196498,0.8233977067011826,1.0
sub-20171220-NTS-5,stim3,39,mua,268,949.37239552,0.28229175533717543,0.7490636704119851,0.898390572776203,24,268,17.550174512684134,,
sub-20171220-NTS-5,stim3,40,good,2537,949.37239552,2.672291728695575,0.03943217665615142,0.6236751626056031,24,300,12.089306391837265,2.1577373502458044,1.0
sub-20171220-NTS-5,stim3,41,mua,14759,949.37239552,15.54605976500512,1.5381488006504946,0.5024901549511027,24,300,4.605178001237579,,
sub-20171220-NTS-5,stim3,42,good,1033,949.37239552,1.088087250982471,0.3875968992248062,0.9180281485643771,27,300,4.657328273719555,1.0268584662235476,1.0
sub-20171220-NTS-5,stim3,43,good,10962,949.37239552,11.546575455246705,0.44703950369491835,0.6701118270464743,27,300,3.4052878319987,0.647308624354443,1.0
sub-20171220-NTS-5,stim3,44,mua,4952,949.37239552,5.216077509066018,1.59563724500101,0.9524144628302981,27,300,3.4772973342271185,,
sub-20171220-NTS-5,stim3,45,good,288,949.37239552,0.3033583042429348,0.34843205574912894,0.9823159472537396,27,288,8.587352146040276,1.8526164200952644,1.0
sub-20171220-NTS-5,stim3,46,good,14424,949.37239552,15.193195070833651,0.31893503432018305,0.672805206655284,26,300,2.663267586943678,0.6171196935239489,1.0
sub-20171220-NTS-5,stim3,47,good,531,949.37239552,0.559316873447911,0.0,1.112640444522082,27,300,8.98587314594875,2.026173979809241,1.0
sub-20171220-NTS-5,stim3,48,good,1736,949.37239552,1.8285764450199125,0.6340057636887608,1.0733431643918603,27,300,10.087875378346679,1.82256086658463,1.0
sub-20171220-NTS-5,stim3,49,mua,909,949.37239552,0.9574746477667629,1.4317180616740088,1.0723905485416068,28,300,3.7993842516386187,,
sub-20171220-NTS-5,stim3,50,good,291,949.37239552,0.3065182865787987,0.0,0.7860391753817192,29,291,8.782973831937962,1.43786701191826,1.0
sub-20171220-NTS-5,stim3,51,good,125,949.37239552,0.131665930660996,0.0,1.1936402313764303,29,125,4.646955853127027,0.6640669130682818,1.0
sub-20171220-NTS-5,stim3,52,good,3080,949.37239552,3.2442485314869414,0.03247807729782397,0.6753705759170187,28,300,6.524814101771538,1.2414719264948375,1.0
sub-20171220-NTS-5,stim3,53,good,321,949.37239552,0.33811810993743774,0.0,0.9227896547993166,28,300,14.555051662132286,2.3994812673340977,1.0
sub-20171220-NTS-5,stim3,54,mua,1754,949.37239552,1.8475363390350958,6.503137478608101,1.0735324884277158,29,300,2.9536433259287023,,
sub-20171220-NTS-5,stim3,55,mua,6950,949.37239552,7.320625744751378,4.489854655346093,0.9401103087073397,29,300,4.287776634490376,,
sub-20171220-NTS-5,stim3,56,mua,2401,949.37239552,2.529039196136411,12.333333333333334,1.1466533289805576,30,300,3.753115018379736,,
sub-20171220-NTS-5,stim3,57,mua,7270,949.37239552,7.657690527243528,3.1916357133030675,0.9172824058004259,31,300,3.1032379094421394,,
sub-20171220-NTS-5,stim5,0,mua,9063,412.73565184,21.958364778028283,8.011476495254911,0.8864644320761836,1,300,2.9393832819569266,,
sub-20171220-NTS-5,stim5,1,mua,3441,412.73565184,8.337055412247084,2.558139534883721,0.7882235908228877,2,300,3.102754662532555,,
sub-20171220-NTS-5,stim5,2,mua,331,412.73565184,0.8019660974872957,1.2121212121212122,0.3018181403492878,2,300,8.357944510153516,,
sub-20171220-NTS-5,stim5,3,mua,663,412.73565184,1.6063550532751574,4.531722054380665,0.9699667947942333,4,300,4.017236963757062,,
sub-20171220-NTS-5,stim5,4,mua,786,412.73565184,1.9043666242447568,4.585987261146497,1.0493430560753902,6,300,5.472828667359918,,
sub-20171220-NTS-5,stim5,5,mua,1717,412.73565184,4.160047702071561,6.235431235431236,0.9521226218810943,8,300,2.1386392864044077,,
sub-20171220-NTS-5,stim5,6,mua,14519,412.73565184,35.17747966591555,8.272489323598291,0.8022652911567392,8,300,3.9528148904276756,,
sub-20171220-NTS-5,stim5,7,mua,2668,412.73565184,6.464185945909683,6.974128233970754,0.9751680170118752,10,300,3.05057197222109,,
sub-20171220-NTS-5,stim5,8,mua,1120,412.73565184,2.71360129663375,3.485254691689008,1.118778059283187,13,300,3.5586502085691505,,
sub-20171220-NTS-5,stim5,9,mua,1461,412.73565184,3.5397959771267042,12.602739726027398,1.2451486333476605,15,300,2.4025512244112366,,
sub-20171220-NTS-5,stim5,10,good,186,412.73565184,0.45065164390524776,0.5405405405405406,1.2780888248969438,14,186,5.675574875073724,0.7691978095038207,1.0
sub-20171220-NTS-5,stim5,11,mua,125,412.73565184,0.30285728757073105,1.6129032258064515,1.2903178967301485,14,125,10.802433151660432,,
sub-20171220-NTS-5,stim5,12,mua,5122,412.73565184,12.409880215498275,24.819371216559265,1.0060820977347653,15,300,3.665306027029259,,
sub-20171220-NTS-5,stim5,13,mua,1648,412.73565184,3.9928704793325176,7.589556769884638,0.9295754413018025,16,300,2.952433957043692,,
sub-20171220-NTS-5,stim5,14,mua,777,412.73565184,1.882560899539664,0.902061855670103,0.7377242636787757,16,300,10.835683081877594,,
sub-20171220-NTS-5,stim5,15,good,132,412.73565184,0.31981729567469197,0.0,1.153660223785121,18,132,7.863652442837926,0.4717596788335685,1.0
sub-20171220-NTS-5,stim5,16,mua,8933,412.73565184,21.643393198954723,12.729511867442902,0.8674337428041906,16,300,4.331484665564692,,
sub-20171220-NTS-5,stim5,17,good,4916,412.73565184,11.910771405581709,0.3662258392675483,0.37854567439831127,18,300,4.142020863978442,0.8038681855981097,1.0
sub-20171220-NTS-5,stim5,18,good,2606,412.73565184,6.3139687312746,0.8445297504798465,0.512007706022798,20,300,2.477097342545465,0.7099056924162773,1.0
sub-20171220-NTS-5,stim5,19,good,905,412.73565184,2.1926867620120927,0.0,0.5525330286799245,19,300,9.05374341262312,1.4559245830379892,1.0
sub-20171220-NTS-5,stim5,20,mua,2021,412.73565184,4.896596625443579,0.9900990099009901,0.6155302479450665,19,300,4.0215781977688705,,
sub-20171220-NTS-5,stim5,21,good,3262,412.73565184,7.903363776445797,0.42931616068690587,0.41919835775139025,18,300,5.532635861562137,1.0993639900663716,1.0
sub-20171220-NTS-5,stim5,22,good,2759,412.73565184,6.684666051261175,0.3988397389412618,0.6824410559293097,21,300,3.0998079804383734,0.5805571821055268,1.0
sub-20171220-NTS-5,stim5,23,good,624,412.73565184,1.5118635795530893,1.1235955056179776,0.9914542526451723,21,300,3.3492898852452044,0.654459771576372,1.0
sub-20171220-NTS-5,stim5,24,mua,6020,412.73565184,14.585606969406406,4.203356039209171,0.8904749713686884,21,300,4.035927553252189,,
sub-20171220-NTS-5,stim5,25,good,233,412.73565184,0.5645259840318426,0.0,0.7287434842507569,21,233,4.983808406206673,1.0824360569235232,1.0
sub-20171220-NTS-5,stim5,26,good,1419,412.73565184,3.4380359285029387,0.0,0.3675562136164245,22,300,12.707251393894891,2.599861846993549,1.0
sub-20171220-NTS-5,stim5,27,mua,4404,412.73565184,10.670267955691996,2.6572791278673633,0.8282019336984247,20,300,4.484697688069232,,
sub-20171220-NTS-5,stim5,28,mua,1499,412.73565184,3.6318645925482063,1.8691588785046727,0.896082237533323,22,300,7.0159230435202256,,
sub-20171220-NTS-5,stim5,29,good,1942,412.73565184,4.705190819698877,0.6182380216383307,0.7111020297694212,22,300,4.045419306901472,1.4639580046673963,1.0
sub-20171220-NTS-5,stim5,30,good,1726,412.73565184,4.181853426776654,0.0,0.24136783988309965,22,300,14.919006492951937,3.846361482545903,1.0
sub-20171220-NTS-5,stim5,31,mua,3599,412.73565184,8.719867023736487,0.9171762090050029,0.44573762030192204,23,300,3.903928374526953,,
sub-20171220-NTS-5,stim5,32,good,2487,412.73565184,6.025648593507264,0.0,0.28221760236586624,22,300,10.232306298283818,3.2367716514327487,1.0
sub-20171220-NTS-5,stim5,33,good,1882,412.73565184,4.559819321664926,0.1594896331738437,0.25106322387548996,25,300,7.330806449067271,1.763325674211437,1.0
sub-20171220-NTS-5,stim5,34,good,3004,412.73565184,7.278266334899808,0.4662004662004662,0.4912550577003982,27,300,4.269574794397253,0.7220664436055506,1.0
sub-20171220-NTS-5,stim5,35,mua,2660,412.73565184,6.4448030795051565,0.8649868371568259,0.3101285132354477,24,300,6.396836630746873,,
sub-20171220-NTS-5,stim5,36,mua,2555,412.73565184,6.190402957945742,2.779953014878622,0.8917046912781056,24,300,5.484586051623917,,
sub-20171220-NTS-5,stim5,37,mua,4922,412.73565184,11.925308555385104,0.3657793131477342,0.47720138455013444,26,300,3.3937397081750724,,
sub-20171220-NTS-5,stim5,38,good,89,412.73565184,0.21563438875036048,0.0,0.972876835078276,27,89,12.102177094996154,2.0471464189981052,1.0
sub-20171220-NTS-5,stim5,39,mua,187,412.73565184,0.45307450220581363,0.0,0.6324013959935825,27,187,20.149874590245314,,
sub-20171220-NTS-5,stim5,40,good,5321,412.73565184,12.892029017310879,0.13157894736842105,0.40826162537824845,27,300,6.19601272509919,1.4385419918371871,1.0
sub-20171220-NTS-5,stim5,41,good,2886,412.73565184,6.992369055433038,0.03466204506065858,0.3555422944231718,26,300,21.187073685696486,3.3538753231320904,1.0
sub-20171220-NTS-5,stim5,42,good,88,412.73565184,0.21321153044979463,0.0,1.1407331959386058,28,88,15.881645326401841,2.1752372122226005,1.0
sub-20171220-NTS-5,stim5,43,good,160,412.73565184,0.3876573280905357,0.0,0.44240601588887685,29,160,8.649517043139392,2.0214650348443564,1.0
sub-20171220-NTS-5,stim5,44,good,446,412.73565184,1.0805948020523684,0.0,0.8946049046763777,28,300,5.349458185790456,1.0787848145286663,1.0
sub-20171220-NTS-5,stim5,45,mua,2144,412.73565184,5.194608196413179,3.499766682221185,0.9190817692799959,29,300,2.6469393411004165,,
sub-20171220-NTS-5,stim5,46,good,2154,412.73565184,5.218836779418837,0.3715745471435207,0.7550010224784294,30,300,4.923430822689713,0.6992177144382076,1.0
sub-20171220-NTS-5,stim5,47,good,1184,412.73565184,2.868664227869964,0.33812341504649196,0.9149031631094817,29,300,3.9543498288778203,0.597542995743519,1.0
sub-20171220-NTS-5,stim5,48,good,315,412.73565184,0.7632003646782421,0.0,0.7108952542181577,31,300,6.537374963365142,0.6897843941824097,1.0
sub-20171220-NTS-5,stim5,49,good,233,412.73565184,0.5645259840318426,0.0,0.9631819844225545,31,233,8.271960154360324,1.7089963822964005,1.0
sub-20171220-NTS-5,stim5,50,good,711,412.73565184,1.7226522517023182,0.14084507042253522,0.6494753021084694,22,300,11.961630088228738,4.172466703699942,1.0
sub-20171220-NTS-5,stim5,51,good,1053,412.73565184,2.551269790495838,0.0,0.572564633439329,30,300,11.854663153613942,1.983775123955373,1.0
sub-20171220-NTS-5,stim5,52,good,267,412.73565184,0.6469031662510815,0.37593984962406013,1.1219041556491722,30,267,18.882580858603383,3.363250785804987,1.0
sub-20171220-NTS-5,stim5,53,mua,3030,412.73565184,7.34126065071452,0.033014196104324864,0.20461541748537884,28,300,5.392169222339722,,
sub-20171220-NTS-5,stim5,54,mua,3637,412.73565184,8.81193563915799,2.502750275027503,0.8717015841444279,29,300,3.3328623803226813,,
sub-20171220-NTS-5,stim5,55,good,2999,412.73565184,7.266152043396978,0.1667778519012675,0.244628293643977,30,300,3.201353562642988,1.01579706300936,1.0
sub-20171220-NTS-5,stim5,56,good,55,412.73565184,0.13325720653112166,0.0,0.8504264030697886,31,55,11.646688580640667,1.6369853766770994,1.0
sub-20171220-NTS-5,stim5,57,mua,948,412.73565184,2.296869668936424,2.6399155227032733,1.0452303640937932,31,300,6.610738105857434,,
sub-20171220-NTS-5,stim5,58,mua,610,412.73565184,1.4779435633451674,2.134646962233169,1.0648435000916918,30,300,3.697167163047942,,
sub-20171220-NTS-5,stim7,0,mua,9231,929.910784,9.9267587373199,0.06500541711809318,0.34995727882348576,1,300,6.8854093366514135,,
sub-20171220-NTS-5,stim7,1,mua,1530,929.910784,1.6453191277325803,1.831262262916939,1.0081459042961365,1,300,2.2861680898473544,,
sub-20171220-NTS-5,stim7,2,good,3924,929.910784,4.219759645243559,1.5804231455518736,0.9676859317505152,1,300,3.323393966295824,0.576797887906435,1.0
sub-20171220-NTS-5,stim7,3,mua,600,929.910784,0.64522318734611,1.5025041736227045,1.0377567081298456,2,300,3.0854811851768065,,
sub-20171220-NTS-5,stim7,4,good,575,929.910784,0.6183388878733553,0.5226480836236934,0.7682738160580547,2,300,6.143946531771757,0.8299842799038155,1.0
sub-20171220-NTS-5,stim7,5,mua,162,929.910784,0.17421026058344968,3.7267080745341614,1.1135227146795097,5,162,4.366695998526685,,
sub-20171220-NTS-5,stim7,6,mua,903,929.910784,0.9710608969558955,1.9955654101995564,1.2703965721921837,7,300,3.6188258534521704,,
sub-20171220-NTS-5,stim7,7,good,4443,929.910784,4.777877702297944,0.9455200360198109,0.8689440654295917,9,300,3.615554288234793,0.8630454574453169,1.0
sub-20171220-NTS-5,stim7,8,mua,1159,929.910784,1.2463561235569023,0.4317789291882556,0.936883246287676,9,300,3.1986481613018034,,
sub-20171220-NTS-5,stim7,9,good,17643,929.910784,18.972787823912363,1.4454143521142726,0.5107386180777075,8,300,5.652320821461563,1.0749671710675426,1.0
sub-20171220-NTS-5,stim7,10,good,33114,929.910784,35.60986770963181,0.22347718418747925,0.3115755336665441,10,300,7.57473055411329,1.9672267366941518,1.0
sub-20171220-NTS-5,stim7,11,mua,4347,929.910784,4.674641992322567,0.7593189139438564,0.739201302924496,11,300,4.889107373621947,,
sub-20171220-NTS-5,stim7,12,good,7443,929.910784,8.003993639028494,0.36280569739317386,0.6283276786199238,11,300,4.617689114152216,1.20303295322308,1.0
sub-20171220-NTS-5,stim7,14,mua,250,929.910784,0.2688429947275458,3.2128514056224895,1.0490169599848715,11,250,3.7761695455595103,,
sub-20171220-NTS-5,stim7,15,mua,1253,929.910784,1.3474410895744595,1.996805111821086,1.1422153724168373,14,300,2.6382821385038566,,
sub-20171220-NTS-5,stim7,16,good,2522,929.910784,2.712088130811482,0.5950019833399445,0.8335304722557821,16,300,8.472489277811526,1.7268257648533716,1.0
sub-20171220-NTS-5,stim7,17,good,1656,929.910784,1.7808159970752635,0.0,0.4274145401893837,16,300,7.194925201249392,2.487331327173991,1.0
sub-20171220-NTS-5,stim7,18,good,1565,929.910784,1.6829571469944369,0.0639386189258312,0.6973551907209978,16,300,13.515074903285115,2.418030326748885,1.0
sub-20171220-NTS-5,stim7,19,mua,11122,929.910784,11.960287149439058,1.8793273986152326,0.686211632289234,17,300,5.364820418238002,,
sub-20171220-NTS-5,stim7,20,mua,21416,929.910784,23.030166300340483,5.528834928788232,0.9080248801731544,16,300,4.728944614249606,,
sub-20171220-NTS-5,stim7,21,good,278,929.910784,0.2989534101370309,0.0,1.8121106266151725,17,278,10.283122127063326,0.9967530177369115,1.0
sub-20171220-NTS-5,stim7,22,good,11417,929.910784,12.277521883217561,0.16643307638402244,0.3788383430403977,18,300,4.40628779428816,1.3470059441653774,1.0
sub-20171220-NTS-5,stim7,23,mua,102,929.910784,0.10968794184883869,0.9900990099009901,1.5618914997235103,18,102,8.114845996222359,,
sub-20171220-NTS-5,stim7,24,good,3933,929.910784,4.229437993053751,0.5595116988809765,0.8196244929559683,18,300,3.801487964308978,0.9849188422565919,1.0
sub-20171220-NTS-5,stim7,25,mua,883,929.910784,0.9495534573776918,1.3605442176870748,1.1243747162580495,19,300,5.810494234461365,,
sub-20171220-NTS-5,stim7,26,mua,808,929.910784,0.8689005589594281,0.7434944237918215,0.9938320719069744,17,300,3.663127524857701,,
sub-20171220-NTS-5,stim7,27,good,3041,929.910784,3.2702061878658673,0.13157894736842105,0.755420218211529,18,300,17.0288884518443,1.0961490614646194,1.0
sub-20171220-NTS-5,stim7,28,good,5205,929.910784,5.597311150227504,0.0,0.40928369315568885,18,300,11.395777218421204,2.6867454556206525,1.0
sub-20171220-NTS-5,stim7,29,mua,6557,929.910784,7.051214065714071,11.2111043319097,0.7775912710199797,19,300,8.406349371254693,,
sub-20171220-NTS-5,stim7,30,mua,1397,929.910784,1.502294654537526,1.146131805157593,1.0622912315049235,21,300,4.118077410884366,,
sub-20171220-NTS-5,stim7,31,mua,13158,929.910784,14.14974449850019,0.13680930303260622,0.41109331283393413,20,300,14.062199944704874,,
sub-20171220-NTS-5,stim7,32,mua,2053,929.910784,2.207738672702606,1.0721247563352825,0.8406862033930165,22,300,5.895857480222465,,
sub-20171220-NTS-5,stim7,33,good,10686,929.910784,11.491424966634218,0.14974262985493683,0.3462383647051425,22,300,5.344587366357033,1.4896832111572798,1.0
sub-20171220-NTS-5,stim7,34,good,22222,929.910784,23.89691611534209,3.3211826650465777,0.9174693479040822,23,300,4.754028772178483,1.6805810728153923,1.0
sub-20171220-NTS-5,stim7,35,good,22283,929.910784,23.962513806055615,2.181132752894713,0.7041274054018304,22,300,7.028373490703255,1.121658243518844,1.0
sub-20171220-NTS-5,stim7,36,good,1526,929.910784,1.6410176398169396,1.8360655737704918,0.8753641366506408,25,300,4.7215350632789255,0.7305818043321326,1.0
sub-20171220-NTS-5,stim7,37,mua,1550,929.910784,1.666826567310784,0.38734667527437056,0.8741022562934878,24,300,5.647969122289154,,
sub-20171220-NTS-5,stim7,38,good,848,929.910784,0.9119154381158354,0.0,0.7403541616785763,24,300,11.232685643523071,2.394880002371588,1.0
sub-20171220-NTS-5,stim7,39,mua,3468,929.910784,3.7293900228605157,2.884338044418806,0.815352092691101,25,300,3.0488982016880466,,
sub-20171220-NTS-5,stim7,40,good,1407,929.910784,1.5130483743266279,0.1422475106685633,0.8805600130636833,24,300,12.223006429841819,2.424045145003383,1.0
sub-20171220-NTS-5,stim7,41,mua,2052,929.910784,2.206663300723696,2.925402242808386,1.0077190991745806,24,300,3.7846632081942966,,
sub-20171220-NTS-5,stim7,42,good,586,929.910784,0.6301679796413674,0.3418803418803419,0.7096621999380116,24,300,6.654145016552602,1.7154771949225929,1.0
sub-20171220-NTS-5,stim7,43,mua,5065,929.910784,5.446759073180078,0.019747235387045814,0.34839609286051376,27,300,6.779800381895493,,
sub-20171220-NTS-5,stim7,44,good,2772,929.910784,2.980931125539028,0.07217610970768674,0.7608147099594279,27,300,7.05757383553657,1.4634827696034953,1.0
sub-20171220-NTS-5,stim7,45,mua,427,929.910784,0.45918383499464827,0.9389671361502347,1.0031979463541811,26,300,2.7565235291937187,,
sub-20171220-NTS-5,stim7,46,good,212,929.910784,0.22797885952895885,1.4218009478672986,0.9936155592859726,26,212,15.830133759327923,2.5600592398286772,1.0
sub-20171220-NTS-5,stim7,47,mua,2011,929.910784,2.1625730495883784,0.1492537313432836,0.7745219035334766,26,300,9.920126192836376,,
sub-20171220-NTS-5,stim7,48,good,3249,929.910784,3.4938835594791855,2.4938423645320196,0.7067711739087464,26,300,8.513923285364324,1.6669087350793235,1.0
sub-20171220-NTS-5,stim7,49,mua,15159,929.910784,16.301563828299468,2.064916215859612,0.6878856021000279,26,300,3.092352604369187,,
sub-20171220-NTS-5,stim7,50,mua,12853,929.910784,13.821756044932584,0.17896047307812013,0.30808996770654307,28,300,5.159366504623344,,
sub-20171220-NTS-5,stim7,51,mua,2253,929.910784,2.422813068484643,1.9538188277087036,1.0549147549951123,31,300,4.770144371119892,,
sub-20171220-NTS-5,stim7,52,good,344,929.910784,0.36992796074510303,0.8746355685131195,0.9426157589371977,28,300,9.603204894950322,1.019798920977991,1.0
sub-20171220-NTS-5,stim7,53,mua,10738,929.910784,11.547344309537548,0.02794076557697681,0.18781986316702978,29,300,10.190647451707326,,
sub-20171220-NTS-5,stim7,54,good,4889,929.910784,5.257493604891886,0.6955810147299509,0.7484268348386552,31,300,3.8164409601028977,0.8177802408652449,1.0
sub-20171220-NTS-5,stim7,55,good,2169,929.910784,2.3324818222561876,0.09225092250922509,0.7249389241230492,31,300,13.894307371705967,2.7479132599710976,1.0
sub-20171220-NTS-5,stim7,56,good,497,929.910784,0.5344598735183611,0.4032258064516129,0.9597593958317014,28,300,4.3976778562097145,1.0019576097925613,1.0
sub-20171220-NTS-5,stim7,57,mua,15465,929.910784,16.630627653845984,0.01939989653388515,0.3450859281991351,28,300,24.766078319701975,,
sub-20171220-NTS-5,stim7,62,good,15430,929.910784,16.59298963458413,0.006481301445330222,0.3345007843384157,10,300,32.50020482131613,5.77585924797014,1.0
sub-20171220-NTS-5,stim9,0,good,13379,925.54596352,14.455251848452251,2.2649125429810133,0.7610804758752321,0,300,3.75580937593961,0.7610844014776139,1.0
sub-20171220-NTS-5,stim9,1,mua,7425,925.54596352,8.022292022928317,0.013469827586206896,0.17789006104935953,0,300,10.832421352881262,,
sub-20171220-NTS-5,stim9,2,good,661,925.54596352,0.7141730676303863,0.0,1.258232004656803,5,300,8.128486700299561,0.4981485699571902,1.0
sub-20171220-NTS-5,stim9,3,mua,1391,925.54596352,1.5028967277970762,4.676258992805756,1.3957797090817767,5,300,4.118183931453895,,
sub-20171220-NTS-5,stim9,4,mua,3751,925.54596352,4.052743081212676,12.186666666666666,1.2059971269076937,6,300,3.225902277905349,,
sub-20171220-NTS-5,stim9,5,mua,10646,925.54596352,11.502400117992575,0.8642555190230155,0.8199440777527472,9,300,2.9819562136741062,,
sub-20171220-NTS-5,stim9,6,good,1682,925.54596352,1.8173057484936608,0.0,0.5726918353948421,8,300,9.904180873031928,1.5389274902564123,1.0
sub-20171220-NTS-5,stim9,7,mua,12552,925.54596352,13.5617251813867,1.9918731575173294,0.8365756103909945,8,300,4.094379166000945,,
sub-20171220-NTS-5,stim9,8,good,5794,925.54596352,6.260088886309316,1.0184705679268082,0.6226906002239714,10,300,8.303221350124142,2.0251027989772092,1.0
sub-20171220-NTS-5,stim9,9,good,1330,925.54596352,1.4369896822215034,0.15048908954100826,1.0065753789506517,11,300,2.5642019622320107,0.6197432571613007,1.0
sub-20171220-NTS-5,stim9,10,mua,2074,925.54596352,2.2408395495694724,0.6753497346840328,1.0014845061959257,12,300,3.234099182341124,,
sub-20171220-NTS-5,stim9,11,mua,805,925.54596352,0.8697569129235415,1.3681592039800996,1.3125292266406619,13,300,3.343769467052814,,
sub-20171220-NTS-5,stim9,12,mua,6516,925.54596352,7.040168999515275,0.1074443591711435,0.3892719213532158,14,300,6.7033892327729205,,
sub-20171220-NTS-5,stim9,13,good,969,925.54596352,1.046949625618524,1.6528925619834711,1.352899766897456,14,300,2.322153062288079,0.6605680013487502,1.0
sub-20171220-NTS-5,stim9,14,good,8267,925.54596352,8.93202534054524,0.3871279941930801,0.49750386242013284,14,300,3.975743831736994,0.9677743349742352,1.0
sub-20171220-NTS-5,stim9,15,good,17981,925.54596352,19.427452237612673,4.3437152391546165,0.9280771120474757,14,300,2.9289192263991803,0.7682447129976101,1.0
sub-20171220-NTS-5,stim9,16,mua,10522,925.54596352,11.368425140101248,0.7033551943731584,0.26892426252760787,16,300,15.940825572048164,,
sub-20171220-NTS-5,stim9,17,mua,14431,925.54596352,15.591878273788359,0.6167706167706167,0.4665471197136392,18,300,9.603360252957993,,
sub-20171220-NTS-5,stim9,18,mua,12043,925.54596352,13.0117795060102,0.016608536787908985,0.17039784658155985,19,300,20.016551876878463,,
sub-20171220-NTS-5,stim9,19,good,5489,925.54596352,5.930553658431453,0.41909620991253643,0.7564405347992292,21,300,3.5912187114466962,0.7639964288261052,1.0
sub-20171220-NTS-5,stim9,20,good,9256,925.54596352,10.00058383356559,0.03241491085899514,0.7703818373581508,21,300,4.954138977614102,0.745486518940083,1.0
sub-20171220-NTS-5,stim9,21,mua,7435,925.54596352,8.03309645662923,0.3497444175410277,0.4519408937383815,21,300,2.767906817840877,,
sub-20171220-NTS-5,stim9,22,mua,199,925.54596352,0.21500823064817984,1.0101010101010102,1.0821778546439746,20,199,4.242352128910222,,
sub-20171220-NTS-5,stim9,23,good,14855,925.54596352,16.049986262707094,0.04039316009155783,0.342916744450069,29,300,3.684014074422574,1.1949920979814619,1.0
sub-20171220-NTS-5,stim9,24,good,6078,925.54596352,6.566934803415261,0.7404969557347376,0.7030431271535429,22,300,6.1595021336186315,1.180646569108403,1.0
sub-20171220-NTS-5,stim9,25,good,2005,925.54596352,2.166288957033169,0.4491017964071856,1.0147358500205257,23,300,3.3053082684421624,0.6854221655369023,1.0
sub-20171220-NTS-5,stim9,26,good,12909,925.54596352,13.947443464509314,0.0077471335605825845,0.14955312421122402,22,300,5.880043295635826,1.2249304297431591,1.0
sub-20171220-NTS-5,stim9,27,mua,4095,925.54596352,4.424415600524103,0.1709819247679531,0.8646727889073408,22,300,3.503340887308549,,
sub-20171220-NTS-5,stim9,28,good,17557,925.54596352,18.969344248693936,0.10822510822510822,0.34922975561304503,24,300,5.163703117419137,1.185635827072531,1.0
sub-20171220-NTS-5,stim9,29,mua,770,925.54596352,0.8319413949703441,0.0,1.1565364218486327,24,300,3.8356716430147504,,
sub-20171220-NTS-5,stim9,30,good,17566,925.54596352,18.97906823902476,0.0,0.38540835840230847,25,300,16.526996069858374,3.134966529822636,1.0
sub-20171220-NTS-5,stim9,31,mua,234,925.54596352,0.2528237486013773,0.4291845493562232,1.0233628264624337,27,234,4.466165590894646,,
sub-20171220-NTS-5,stim9,32,good,8530,925.54596352,9.216181946879267,0.011724703951225232,0.15205323013793115,26,300,6.492469475799621,1.8653748507858132,1.0
sub-20171220-NTS-5,stim9,33,mua,3151,925.54596352,3.4044770591578626,0.41269841269841273,0.9202207627532681,26,300,3.2491569718151716,,
sub-20171220-NTS-5,stim9,34,good,798,925.54596352,0.862193809332902,0.0,0.6134854864399985,28,300,4.8386180146206605,1.4327189922290056,1.0
sub-20171220-NTS-5,stim9,35,mua,2167,925.54596352,2.3413207829879683,1.154201292705448,1.1771290181886138,29,300,3.596769831669986,,
sub-20171220-NTS-5,stim9,36,good,3075,925.54596352,3.3223633630309197,0.2277163305139883,0.9570333996502106,29,300,5.919458885331807,1.30869229345806,1.0
sub-20171220-NTS-5,stim9,37,good,567,925.54596352,0.6126113908417988,0.17667844522968199,1.1047381564574035,30,300,11.310334639426767,2.043731421415631,1.0
sub-20171220-NTS-5,stim9,38,mua,1921,925.54596352,2.075531713945495,4.114583333333333,1.3142156877327176,31,300,2.845056650429682,,
sub-20171220-NTS-5,stim9,39,mua,16941,925.54596352,18.303791132717663,12.43801652892562,0.7950514976278246,31,300,4.443819883246705,,
